ACTIVE_DAYS_ENDDATE_FACT_MAX,0,,
ACTIVE_DAYS_ENDDATE_FACT_MIN,0,,
ACTIVE_DAYS_ENDDATE_FACT_SUM,0,,
AMT_REQ_CREDIT_BUREAU_HOUR,0,,
BURO_BB_MONTHS_BALANCE_SIZE_mean,0,,
BURO_BB_MONTHS_BALANCE_SIZE_sum,0,,
BURO_BB_STATUS_2_COUNT_mean,0,,
BURO_BB_STATUS_3_COUNT_mean,0,,
BURO_BB_STATUS_3_COUNT_sum,0,,
BURO_BB_STATUS_3_MEAN_mean,0,,
BURO_BB_STATUS_4_COUNT_mean,0,,
BURO_BB_STATUS_4_COUNT_sum,0,,
BURO_BB_STATUS_4_MEAN_mean,0,,
BURO_BB_STATUS_4_MEAN_sum,0,,
BURO_BB_STATUS_5_COUNT_mean,0,,
BURO_BB_STATUS_5_COUNT_sum,0,,
BURO_BB_STATUS_5_MEAN_mean,0,,
BURO_BB_STATUS_C_COUNT_mean,0,,
BURO_BB_STATUS_C_COUNT_sum,0,,
BURO_BB_STATUS_X_COUNT_mean,0,,
BURO_BB_STATUS_X_COUNT_sum,0,,
BURO_CREDIT_ACTIVE_Bad debt_MEAN,0,,
BURO_CREDIT_ACTIVE_Bad debt_SUM,0,,
BURO_CREDIT_CURRENCY_currency 1_MEAN,0,,
BURO_CREDIT_CURRENCY_currency 2_MEAN,0,,
BURO_CREDIT_CURRENCY_currency 2_SUM,0,,
BURO_CREDIT_CURRENCY_currency 3_MEAN,0,,
BURO_CREDIT_CURRENCY_currency 3_SUM,0,,
BURO_CREDIT_CURRENCY_currency 4_MEAN,0,,
BURO_CREDIT_CURRENCY_currency 4_SUM,0,,
BURO_CREDIT_TYPE_Another type of loan_MEAN,0,,
BURO_CREDIT_TYPE_Another type of loan_SUM,0,,
BURO_CREDIT_TYPE_Cash loan (non-earmarked)_MEAN,0,,
BURO_CREDIT_TYPE_Cash loan (non-earmarked)_SUM,0,,
BURO_CREDIT_TYPE_Interbank credit_MEAN,0,,
BURO_CREDIT_TYPE_Interbank credit_SUM,0,,
BURO_CREDIT_TYPE_Loan for business development_SUM,0,,
BURO_CREDIT_TYPE_Loan for purchase of shares (margin lending)_MEAN,0,,
BURO_CREDIT_TYPE_Loan for purchase of shares (margin lending)_SUM,0,,
BURO_CREDIT_TYPE_Loan for the purchase of equipment_MEAN,0,,
BURO_CREDIT_TYPE_Loan for the purchase of equipment_SUM,0,,
BURO_CREDIT_TYPE_Loan for working capital replenishment_MEAN,0,,
BURO_CREDIT_TYPE_Loan for working capital replenishment_SUM,0,,
BURO_CREDIT_TYPE_Mobile operator loan_MEAN,0,,
BURO_CREDIT_TYPE_Mobile operator loan_SUM,0,,
BURO_CREDIT_TYPE_Real estate loan_MEAN,0,,
BURO_CREDIT_TYPE_Real estate loan_SUM,0,,
BURO_CREDIT_TYPE_Unknown type of loan_MEAN,0,,
BURO_CREDIT_TYPE_Unknown type of loan_SUM,0,,
CC_AMT_DRAWINGS_ATM_CURRENT_MIN,0,,
CC_AMT_DRAWINGS_OTHER_CURRENT_MIN,0,,
CC_AMT_INST_MIN_REGULARITY_MIN,0,,
CC_CNT_DRAWINGS_ATM_CURRENT_MIN,0,,
CC_CNT_DRAWINGS_OTHER_CURRENT_MAX,0,,
CC_CNT_DRAWINGS_OTHER_CURRENT_MIN,0,,
CC_NAME_CONTRACT_STATUS_Active_MAX,0,,
CC_NAME_CONTRACT_STATUS_Approved_MAX,0,,
CC_NAME_CONTRACT_STATUS_Approved_MEAN,0,,
CC_NAME_CONTRACT_STATUS_Approved_MIN,0,,
CC_NAME_CONTRACT_STATUS_Approved_SUM,0,,
CC_NAME_CONTRACT_STATUS_Approved_VAR,0,,
CC_NAME_CONTRACT_STATUS_Completed_MAX,0,,
CC_NAME_CONTRACT_STATUS_Completed_MIN,0,,
CC_NAME_CONTRACT_STATUS_Demand_MAX,0,,
CC_NAME_CONTRACT_STATUS_Demand_MEAN,0,,
CC_NAME_CONTRACT_STATUS_Demand_MIN,0,,
CC_NAME_CONTRACT_STATUS_Demand_SUM,0,,
CC_NAME_CONTRACT_STATUS_Demand_VAR,0,,
CC_NAME_CONTRACT_STATUS_nan_MAX,0,,
CC_NAME_CONTRACT_STATUS_nan_MEAN,0,,
CC_NAME_CONTRACT_STATUS_nan_MIN,0,,
CC_NAME_CONTRACT_STATUS_nan_SUM,0,,
CC_NAME_CONTRACT_STATUS_nan_VAR,0,,
CC_NAME_CONTRACT_STATUS_Refused_MAX,0,,
CC_NAME_CONTRACT_STATUS_Refused_MEAN,0,,
CC_NAME_CONTRACT_STATUS_Refused_MIN,0,,
CC_NAME_CONTRACT_STATUS_Refused_SUM,0,,
CC_NAME_CONTRACT_STATUS_Refused_VAR,0,,
CC_NAME_CONTRACT_STATUS_Sent proposal_MAX,0,,
CC_NAME_CONTRACT_STATUS_Sent proposal_MEAN,0,,
CC_NAME_CONTRACT_STATUS_Sent proposal_MIN,0,,
CC_NAME_CONTRACT_STATUS_Sent proposal_SUM,0,,
CC_NAME_CONTRACT_STATUS_Sent proposal_VAR,0,,
CC_NAME_CONTRACT_STATUS_Signed_MAX,0,,
CC_NAME_CONTRACT_STATUS_Signed_MEAN,0,,
CC_NAME_CONTRACT_STATUS_Signed_MIN,0,,
CC_NAME_CONTRACT_STATUS_Signed_SUM,0,,
CC_NAME_CONTRACT_STATUS_Signed_VAR,0,,
CC_SK_DPD_DEF_MAX,0,,
CC_SK_DPD_DEF_MIN,0,,
CC_SK_DPD_MAX,0,,
CC_SK_DPD_MIN,0,,
CLOSED_AMT_CREDIT_SUM_OVERDUE_MEAN,0,,
CLOSED_AMT_CREDIT_SUM_OVERDUE_SUM,0,,
CLOSED_CNT_CREDIT_PROLONG_SUM,0,,
CLOSED_CREDIT_DAY_OVERDUE_MAX,0,,
CLOSED_CREDIT_DAY_OVERDUE_MEAN,0,,
DAYS_BIRTH,0,,
EMERGENCYSTATE_MODE_No,0,,
EMERGENCYSTATE_MODE_Yes,0,,
FLAG_CONT_MOBILE,0,,
FLAG_DOCUMENT_10,0,,
FLAG_DOCUMENT_12,0,,
FLAG_DOCUMENT_13,0,,
FLAG_DOCUMENT_14,0,,
FLAG_DOCUMENT_15,0,,
FLAG_DOCUMENT_17,0,,
FLAG_DOCUMENT_19,0,,
FLAG_DOCUMENT_2,0,,
FLAG_DOCUMENT_20,0,,
FLAG_DOCUMENT_21,0,,
FLAG_DOCUMENT_4,0,,
FLAG_DOCUMENT_7,0,,
FLAG_DOCUMENT_9,0,,
FLAG_EMP_PHONE,0,,
FLAG_MOBIL,0,,
HOUSETYPE_MODE_block of flats,0,,
HOUSETYPE_MODE_terraced house,0,,
NAME_EDUCATION_TYPE_Academic degree,0,,
NAME_FAMILY_STATUS_Unknown,0,,
NAME_HOUSING_TYPE_Co-op apartment,0,,
NAME_INCOME_TYPE_Businessman,0,,
NAME_INCOME_TYPE_Maternity leave,0,,
NAME_INCOME_TYPE_Pensioner,0,,
NAME_INCOME_TYPE_Student,0,,
NAME_INCOME_TYPE_Unemployed,0,,
NAME_TYPE_SUITE_Children,0,,
NAME_TYPE_SUITE_Group of people,0,,
NAME_TYPE_SUITE_Other_A,0,,
OCCUPATION_TYPE_Cleaning staff,0,,
OCCUPATION_TYPE_HR staff,0,,
OCCUPATION_TYPE_IT staff,0,,
OCCUPATION_TYPE_Private service staff,0,,
OCCUPATION_TYPE_Realty agents,0,,
OCCUPATION_TYPE_Secretaries,0,,
OCCUPATION_TYPE_Waiters/barmen staff,0,,
ORGANIZATION_TYPE_Advertising,0,,
ORGANIZATION_TYPE_Agriculture,0,,
ORGANIZATION_TYPE_Business Entity Type 1,0,,
ORGANIZATION_TYPE_Business Entity Type 2,0,,
ORGANIZATION_TYPE_Cleaning,0,,
ORGANIZATION_TYPE_Culture,0,,
ORGANIZATION_TYPE_Electricity,0,,
ORGANIZATION_TYPE_Emergency,0,,
ORGANIZATION_TYPE_Industry: type 1,0,,
ORGANIZATION_TYPE_Industry: type 10,0,,
ORGANIZATION_TYPE_Industry: type 11,0,,
ORGANIZATION_TYPE_Industry: type 12,0,,
ORGANIZATION_TYPE_Industry: type 13,0,,
ORGANIZATION_TYPE_Industry: type 2,0,,
ORGANIZATION_TYPE_Industry: type 3,0,,
ORGANIZATION_TYPE_Industry: type 4,0,,
ORGANIZATION_TYPE_Industry: type 5,0,,
ORGANIZATION_TYPE_Industry: type 6,0,,
ORGANIZATION_TYPE_Industry: type 7,0,,
ORGANIZATION_TYPE_Industry: type 8,0,,
ORGANIZATION_TYPE_Insurance,0,,
ORGANIZATION_TYPE_Legal Services,0,,
ORGANIZATION_TYPE_Mobile,0,,
ORGANIZATION_TYPE_Other,0,,
ORGANIZATION_TYPE_Postal,0,,
ORGANIZATION_TYPE_Realtor,0,,
ORGANIZATION_TYPE_Religion,0,,
ORGANIZATION_TYPE_Restaurant,0,,
ORGANIZATION_TYPE_Telecom,0,,
ORGANIZATION_TYPE_Trade: type 1,0,,
ORGANIZATION_TYPE_Trade: type 4,0,,
ORGANIZATION_TYPE_Trade: type 5,0,,
ORGANIZATION_TYPE_Trade: type 6,0,,
ORGANIZATION_TYPE_Transport: type 1,0,,
ORGANIZATION_TYPE_Transport: type 4,0,,
ORGANIZATION_TYPE_University,0,,
ORGANIZATION_TYPE_XNA,0,,
POS_NAME_CONTRACT_STATUS_Amortized debt_MEAN,0,,
POS_NAME_CONTRACT_STATUS_Amortized debt_SUM,0,,
POS_NAME_CONTRACT_STATUS_Approved_SUM,0,,
POS_NAME_CONTRACT_STATUS_Canceled_MEAN,0,,
POS_NAME_CONTRACT_STATUS_Canceled_SUM,0,,
POS_NAME_CONTRACT_STATUS_Demand_MEAN,0,,
POS_NAME_CONTRACT_STATUS_Demand_SUM,0,,
POS_NAME_CONTRACT_STATUS_nan_MEAN,0,,
POS_NAME_CONTRACT_STATUS_nan_SUM,0,,
POS_NAME_CONTRACT_STATUS_Returned to the store_SUM,0,,
POS_NAME_CONTRACT_STATUS_XNA_MEAN,0,,
POS_NAME_CONTRACT_STATUS_XNA_SUM,0,,
PREV_CHANNEL_TYPE_Car dealer_MEAN,0,,
PREV_CHANNEL_TYPE_Car dealer_SUM,0,,
PREV_CHANNEL_TYPE_nan_MEAN,0,,
PREV_CHANNEL_TYPE_nan_SUM,0,,
PREV_CODE_REJECT_REASON_CLIENT_SUM,0,,
PREV_CODE_REJECT_REASON_nan_MEAN,0,,
PREV_CODE_REJECT_REASON_nan_SUM,0,,
PREV_CODE_REJECT_REASON_SYSTEM_MEAN,0,,
PREV_CODE_REJECT_REASON_SYSTEM_SUM,0,,
PREV_CODE_REJECT_REASON_VERIF_SUM,0,,
PREV_CODE_REJECT_REASON_XNA_MEAN,0,,
PREV_CODE_REJECT_REASON_XNA_SUM,0,,
PREV_FLAG_LAST_APPL_PER_CONTRACT_nan_MEAN,0,,
PREV_FLAG_LAST_APPL_PER_CONTRACT_nan_SUM,0,,
PREV_FLAG_LAST_APPL_PER_CONTRACT_Y_MEAN,0,,
PREV_NAME_CASH_LOAN_PURPOSE_Building a house or an annex_SUM,0,,
PREV_NAME_CASH_LOAN_PURPOSE_Business development_MEAN,0,,
PREV_NAME_CASH_LOAN_PURPOSE_Business development_SUM,0,,
PREV_NAME_CASH_LOAN_PURPOSE_Buying a garage_MEAN,0,,
PREV_NAME_CASH_LOAN_PURPOSE_Buying a garage_SUM,0,,
PREV_NAME_CASH_LOAN_PURPOSE_Buying a holiday home / land_MEAN,0,,
PREV_NAME_CASH_LOAN_PURPOSE_Buying a holiday home / land_SUM,0,,
PREV_NAME_CASH_LOAN_PURPOSE_Buying a home_MEAN,0,,
PREV_NAME_CASH_LOAN_PURPOSE_Buying a home_SUM,0,,
PREV_NAME_CASH_LOAN_PURPOSE_Buying a new car_MEAN,0,,
PREV_NAME_CASH_LOAN_PURPOSE_Buying a new car_SUM,0,,
PREV_NAME_CASH_LOAN_PURPOSE_Buying a used car_SUM,0,,
PREV_NAME_CASH_LOAN_PURPOSE_Car repairs_MEAN,0,,
PREV_NAME_CASH_LOAN_PURPOSE_Car repairs_SUM,0,,
PREV_NAME_CASH_LOAN_PURPOSE_Education_MEAN,0,,
PREV_NAME_CASH_LOAN_PURPOSE_Education_SUM,0,,
PREV_NAME_CASH_LOAN_PURPOSE_Everyday expenses_MEAN,0,,
PREV_NAME_CASH_LOAN_PURPOSE_Everyday expenses_SUM,0,,
PREV_NAME_CASH_LOAN_PURPOSE_Furniture_MEAN,0,,
PREV_NAME_CASH_LOAN_PURPOSE_Furniture_SUM,0,,
PREV_NAME_CASH_LOAN_PURPOSE_Gasification / water supply_MEAN,0,,
PREV_NAME_CASH_LOAN_PURPOSE_Gasification / water supply_SUM,0,,
PREV_NAME_CASH_LOAN_PURPOSE_Hobby_MEAN,0,,
PREV_NAME_CASH_LOAN_PURPOSE_Hobby_SUM,0,,
PREV_NAME_CASH_LOAN_PURPOSE_Journey_MEAN,0,,
PREV_NAME_CASH_LOAN_PURPOSE_Journey_SUM,0,,
PREV_NAME_CASH_LOAN_PURPOSE_Medicine_SUM,0,,
PREV_NAME_CASH_LOAN_PURPOSE_Money for a third person_MEAN,0,,
PREV_NAME_CASH_LOAN_PURPOSE_Money for a third person_SUM,0,,
PREV_NAME_CASH_LOAN_PURPOSE_nan_MEAN,0,,
PREV_NAME_CASH_LOAN_PURPOSE_nan_SUM,0,,
PREV_NAME_CASH_LOAN_PURPOSE_Other_SUM,0,,
PREV_NAME_CASH_LOAN_PURPOSE_Payments on other loans_MEAN,0,,
PREV_NAME_CASH_LOAN_PURPOSE_Payments on other loans_SUM,0,,
PREV_NAME_CASH_LOAN_PURPOSE_Purchase of electronic equipment_SUM,0,,
PREV_NAME_CASH_LOAN_PURPOSE_Refusal to name the goal_MEAN,0,,
PREV_NAME_CASH_LOAN_PURPOSE_Refusal to name the goal_SUM,0,,
PREV_NAME_CASH_LOAN_PURPOSE_Wedding / gift / holiday_MEAN,0,,
PREV_NAME_CASH_LOAN_PURPOSE_Wedding / gift / holiday_SUM,0,,
PREV_NAME_CLIENT_TYPE_nan_MEAN,0,,
PREV_NAME_CLIENT_TYPE_nan_SUM,0,,
PREV_NAME_CLIENT_TYPE_XNA_SUM,0,,
PREV_NAME_CONTRACT_STATUS_nan_MEAN,0,,
PREV_NAME_CONTRACT_STATUS_nan_SUM,0,,
PREV_NAME_CONTRACT_TYPE_nan_MEAN,0,,
PREV_NAME_CONTRACT_TYPE_nan_SUM,0,,
PREV_NAME_CONTRACT_TYPE_XNA_MEAN,0,,
PREV_NAME_CONTRACT_TYPE_XNA_SUM,0,,
PREV_NAME_GOODS_CATEGORY_Additional Service_MEAN,0,,
PREV_NAME_GOODS_CATEGORY_Additional Service_SUM,0,,
PREV_NAME_GOODS_CATEGORY_Animals_MEAN,0,,
PREV_NAME_GOODS_CATEGORY_Animals_SUM,0,,
PREV_NAME_GOODS_CATEGORY_Clothing and Accessories_SUM,0,,
PREV_NAME_GOODS_CATEGORY_Construction Materials_SUM,0,,
PREV_NAME_GOODS_CATEGORY_Direct Sales_MEAN,0,,
PREV_NAME_GOODS_CATEGORY_Direct Sales_SUM,0,,
PREV_NAME_GOODS_CATEGORY_Education_MEAN,0,,
PREV_NAME_GOODS_CATEGORY_Education_SUM,0,,
PREV_NAME_GOODS_CATEGORY_Fitness_MEAN,0,,
PREV_NAME_GOODS_CATEGORY_Fitness_SUM,0,,
PREV_NAME_GOODS_CATEGORY_Gardening_SUM,0,,
PREV_NAME_GOODS_CATEGORY_Homewares_MEAN,0,,
PREV_NAME_GOODS_CATEGORY_Homewares_SUM,0,,
PREV_NAME_GOODS_CATEGORY_House Construction_MEAN,0,,
PREV_NAME_GOODS_CATEGORY_House Construction_SUM,0,,
PREV_NAME_GOODS_CATEGORY_Insurance_MEAN,0,,
PREV_NAME_GOODS_CATEGORY_Insurance_SUM,0,,
PREV_NAME_GOODS_CATEGORY_Jewelry_SUM,0,,
PREV_NAME_GOODS_CATEGORY_Medical Supplies_MEAN,0,,
PREV_NAME_GOODS_CATEGORY_Medical Supplies_SUM,0,,
PREV_NAME_GOODS_CATEGORY_Medicine_MEAN,0,,
PREV_NAME_GOODS_CATEGORY_Medicine_SUM,0,,
PREV_NAME_GOODS_CATEGORY_nan_MEAN,0,,
PREV_NAME_GOODS_CATEGORY_nan_SUM,0,,
PREV_NAME_GOODS_CATEGORY_Office Appliances_MEAN,0,,
PREV_NAME_GOODS_CATEGORY_Office Appliances_SUM,0,,
PREV_NAME_GOODS_CATEGORY_Other_MEAN,0,,
PREV_NAME_GOODS_CATEGORY_Other_SUM,0,,
PREV_NAME_GOODS_CATEGORY_Sport and Leisure_SUM,0,,
PREV_NAME_GOODS_CATEGORY_Tourism_MEAN,0,,
PREV_NAME_GOODS_CATEGORY_Tourism_SUM,0,,
PREV_NAME_GOODS_CATEGORY_Vehicles_SUM,0,,
PREV_NAME_GOODS_CATEGORY_Weapon_MEAN,0,,
PREV_NAME_GOODS_CATEGORY_Weapon_SUM,0,,
PREV_NAME_PAYMENT_TYPE_Cashless from the account of the employer_MEAN,0,,
PREV_NAME_PAYMENT_TYPE_Cashless from the account of the employer_SUM,0,,
PREV_NAME_PAYMENT_TYPE_nan_MEAN,0,,
PREV_NAME_PAYMENT_TYPE_nan_SUM,0,,
PREV_NAME_PAYMENT_TYPE_Non-cash from your account_MEAN,0,,
PREV_NAME_PORTFOLIO_Cars_MEAN,0,,
PREV_NAME_PORTFOLIO_Cars_SUM,0,,
PREV_NAME_PORTFOLIO_nan_MEAN,0,,
PREV_NAME_PORTFOLIO_nan_SUM,0,,
PREV_NAME_PRODUCT_TYPE_nan_MEAN,0,,
PREV_NAME_PRODUCT_TYPE_nan_SUM,0,,
PREV_NAME_SELLER_INDUSTRY_Clothing_SUM,0,,
PREV_NAME_SELLER_INDUSTRY_MLM partners_MEAN,0,,
PREV_NAME_SELLER_INDUSTRY_MLM partners_SUM,0,,
PREV_NAME_SELLER_INDUSTRY_nan_MEAN,0,,
PREV_NAME_SELLER_INDUSTRY_nan_SUM,0,,
PREV_NAME_SELLER_INDUSTRY_Tourism_MEAN,0,,
PREV_NAME_SELLER_INDUSTRY_Tourism_SUM,0,,
PREV_NAME_TYPE_SUITE_Other_A_SUM,0,,
PREV_NAME_YIELD_GROUP_nan_MEAN,0,,
PREV_NAME_YIELD_GROUP_nan_SUM,0,,
PREV_PRODUCT_COMBINATION_nan_MEAN,0,,
PREV_PRODUCT_COMBINATION_nan_SUM,0,,
PREV_PRODUCT_COMBINATION_POS others without interest_MEAN,0,,
PREV_PRODUCT_COMBINATION_POS others without interest_SUM,0,,
PREV_WEEKDAY_APPR_PROCESS_START_nan_MEAN,0,,
PREV_WEEKDAY_APPR_PROCESS_START_nan_SUM,0,,
REFUSED_AMT_GOODS_PRICE_MAX,0,,
REG_REGION_NOT_LIVE_REGION,0,,
WALLSMATERIAL_MODE_Block,0,,
WALLSMATERIAL_MODE_Mixed,0,,
WALLSMATERIAL_MODE_Monolithic,0,,
WALLSMATERIAL_MODE_Wooden,0,,
ACTIVE_CREDIT_DAY_OVERDUE_MAX,0.0020774473,,
AMT_REQ_CREDIT_BUREAU_DAY,0.0020774473,,
BURO_BB_MONTHS_BALANCE_MAX_max,0.0020774473,,
BURO_BB_STATUS_1_COUNT_mean,0.0020774473,,
BURO_BB_STATUS_2_COUNT_sum,0.0020774473,,
BURO_BB_STATUS_3_MEAN_sum,0.0020774473,,
BURO_BB_STATUS_5_MEAN_sum,0.0020774473,,
BURO_CREDIT_ACTIVE_Sold_SUM,0.0020774473,,
CC_AMT_DRAWINGS_OTHER_CURRENT_MEAN,0.0020774473,,
CC_AMT_DRAWINGS_OTHER_CURRENT_SUM,0.0020774473,,
CC_CNT_DRAWINGS_CURRENT_MIN,0.0020774473,,
CC_CNT_DRAWINGS_OTHER_CURRENT_SUM,0.0020774473,,
CC_CNT_DRAWINGS_POS_CURRENT_MIN,0.0020774473,,
CC_CNT_INSTALMENT_MATURE_CUM_MIN,0.0020774473,,
CC_MONTHS_BALANCE_MAX,0.0020774473,,
CC_NAME_CONTRACT_STATUS_Active_MIN,0.0020774473,,
CLOSED_AMT_CREDIT_SUM_LIMIT_SUM,0.0020774473,,
CLOSED_SK_ID_CURR_COUNT,0.0020774473,,
FONDKAPREMONT_MODE_not specified,0.0020774473,,
FONDKAPREMONT_MODE_reg oper spec account,0.0020774473,,
NAME_FAMILY_STATUS_Single / not married,0.0020774473,,
NAME_HOUSING_TYPE_Rented apartment,0.0020774473,,
"NAME_TYPE_SUITE_Spouse, partner",0.0020774473,,
OCCUPATION_TYPE_Cooking staff,0.0020774473,,
OCCUPATION_TYPE_Security staff,0.0020774473,,
ORGANIZATION_TYPE_Government,0.0020774473,,
ORGANIZATION_TYPE_Hotel,0.0020774473,,
ORGANIZATION_TYPE_Housing,0.0020774473,,
ORGANIZATION_TYPE_Services,0.0020774473,,
ORGANIZATION_TYPE_Trade: type 7,0.0020774473,,
PREV_CODE_REJECT_REASON_CLIENT_MEAN,0.0020774473,,
PREV_NAME_CASH_LOAN_PURPOSE_Building a house or an annex_MEAN,0.0020774473,,
PREV_NAME_CASH_LOAN_PURPOSE_Buying a used car_MEAN,0.0020774473,,
PREV_NAME_GOODS_CATEGORY_Vehicles_MEAN,0.0020774473,,
PREV_NAME_SELLER_INDUSTRY_Auto technology_SUM,0.0020774473,,
PREV_NAME_SELLER_INDUSTRY_Industry_SUM,0.0020774473,,
PREV_NAME_SELLER_INDUSTRY_Jewelry_SUM,0.0020774473,,
PREV_NAME_TYPE_SUITE_Group of people_SUM,0.0020774473,,
PREV_NAME_TYPE_SUITE_Other_B_SUM,0.0020774473,,
PREV_PRODUCT_COMBINATION_POS mobile without interest_SUM,0.0020774473,,
PREV_PRODUCT_COMBINATION_POS other with interest_SUM,0.0020774473,,
WALLSMATERIAL_MODE_Others,0.0020774473,,
ACTIVE_CREDIT_DAY_OVERDUE_MEAN,0.0041548945,,
CC_AMT_TOTAL_RECEIVABLE_MEAN,0.0041548945,,
FLAG_DOCUMENT_5,0.0041548945,,
FLAG_DOCUMENT_6,0.0041548945,,
FLAG_DOCUMENT_8,0.0041548945,,
FLAG_EMAIL,0.0041548945,,
FONDKAPREMONT_MODE_org spec account,0.0041548945,,
NAME_FAMILY_STATUS_Widow,0.0041548945,,
NAME_TYPE_SUITE_Family,0.0041548945,,
OCCUPATION_TYPE_Low-skill Laborers,0.0041548945,,
ORGANIZATION_TYPE_Kindergarten,0.0041548945,,
ORGANIZATION_TYPE_Trade: type 3,0.0041548945,,
ORGANIZATION_TYPE_Transport: type 2,0.0041548945,,
PREV_CODE_REJECT_REASON_VERIF_MEAN,0.0041548945,,
PREV_NAME_CASH_LOAN_PURPOSE_Urgent needs_SUM,0.0041548945,,
PREV_NAME_CONTRACT_STATUS_Unused offer_SUM,0.0041548945,,
PREV_NAME_GOODS_CATEGORY_Auto Accessories_MEAN,0.0041548945,,
PREV_NAME_GOODS_CATEGORY_Furniture_SUM,0.0041548945,,
PREV_NAME_GOODS_CATEGORY_Gardening_MEAN,0.0041548945,,
PREV_NAME_PAYMENT_TYPE_Non-cash from your account_SUM,0.0041548945,,
PREV_NAME_PORTFOLIO_Cards_SUM,0.0041548945,,
PREV_NAME_TYPE_SUITE_Children_SUM,0.0041548945,,
PREV_NAME_TYPE_SUITE_Group of people_MEAN,0.0041548945,,
PREV_PRODUCT_COMBINATION_Card X-Sell_SUM,0.0041548945,,
WEEKDAY_APPR_PROCESS_START_THURSDAY,0.0041548945,,
ACTIVE_CNT_CREDIT_PROLONG_SUM,0.0062323418,,
ACTIVE_SK_ID_CURR_COUNT,0.0062323418,,
CC_AMT_PAYMENT_TOTAL_CURRENT_MIN,0.0062323418,,
CC_COUNT,0.0062323418,,
CC_SK_DPD_DEF_SUM,0.0062323418,,
FLAG_DOCUMENT_11,0.0062323418,,
NAME_CONTRACT_TYPE_Revolving loans,0.0062323418,,
ORGANIZATION_TYPE_Security,0.0062323418,,
ORGANIZATION_TYPE_Security Ministries,0.0062323418,,
PREV_CHANNEL_TYPE_Channel of corporate sales_SUM,0.0062323418,,
PREV_CHANNEL_TYPE_Contact center_SUM,0.0062323418,,
PREV_NAME_GOODS_CATEGORY_Photo / Cinema Equipment_SUM,0.0062323418,,
PREV_NAME_SELLER_INDUSTRY_Construction_MEAN,0.0062323418,,
PREV_NAME_SELLER_INDUSTRY_Construction_SUM,0.0062323418,,
PREV_NAME_SELLER_INDUSTRY_Furniture_SUM,0.0062323418,,
REG_CITY_NOT_WORK_CITY,0.0062323418,,
APPROVED_AMT_GOODS_PRICE_MAX,0.008309789,,
BURO_CNT_CREDIT_PROLONG_SUM,0.008309789,,
BURO_CREDIT_DAY_OVERDUE_MEAN,0.008309789,,
BURO_CREDIT_TYPE_Car loan_SUM,0.008309789,,
BURO_CREDIT_TYPE_Mortgage_SUM,0.008309789,,
CC_MONTHS_BALANCE_MIN,0.008309789,,
FLOORSMIN_MODE,0.008309789,,
LIVE_REGION_NOT_WORK_REGION,0.008309789,,
NAME_HOUSING_TYPE_With parents,0.008309789,,
OCCUPATION_TYPE_Managers,0.008309789,,
POS_NAME_CONTRACT_STATUS_Signed_SUM,0.008309789,,
AMT_REQ_CREDIT_BUREAU_WEEK,0.0103872363,,
CC_AMT_DRAWINGS_CURRENT_MIN,0.0103872363,,
CC_AMT_TOTAL_RECEIVABLE_SUM,0.0103872363,,
NAME_TYPE_SUITE_Other_B,0.0103872363,,
OCCUPATION_TYPE_Sales staff,0.0103872363,,
POS_NAME_CONTRACT_STATUS_Approved_MEAN,0.0103872363,,
PREV_NAME_GOODS_CATEGORY_Computers_SUM,0.0103872363,,
PREV_PRODUCT_COMBINATION_POS household without interest_SUM,0.0103872363,,
BURO_BB_STATUS_1_COUNT_sum,0.0124646835,,
BURO_CREDIT_TYPE_Loan for business development_MEAN,0.0124646835,,
CC_AMT_DRAWINGS_OTHER_CURRENT_VAR,0.0124646835,,
CC_CNT_INSTALMENT_MATURE_CUM_MAX,0.0124646835,,
CC_NAME_CONTRACT_STATUS_Completed_SUM,0.0124646835,,
CC_SK_DPD_DEF_VAR,0.0124646835,,
NAME_TYPE_SUITE_Unaccompanied,0.0124646835,,
PREV_AMT_GOODS_PRICE_MAX,0.0124646835,,
PREV_CODE_REJECT_REASON_SCOFR_SUM,0.0124646835,,
PREV_NAME_CASH_LOAN_PURPOSE_Repairs_SUM,0.0124646835,,
PREV_NAME_CLIENT_TYPE_XNA_MEAN,0.0124646835,,
PREV_NAME_CONTRACT_TYPE_Revolving loans_SUM,0.0124646835,,
PREV_NAME_GOODS_CATEGORY_Audio/Video_SUM,0.0124646835,,
PREV_NAME_GOODS_CATEGORY_Clothing and Accessories_MEAN,0.0124646835,,
PREV_NAME_SELLER_INDUSTRY_Jewelry_MEAN,0.0124646835,,
PREV_NAME_TYPE_SUITE_Other_A_MEAN,0.0124646835,,
REG_REGION_NOT_WORK_REGION,0.0124646835,,
WEEKDAY_APPR_PROCESS_START_TUESDAY,0.0124646835,,
CC_AMT_BALANCE_MAX,0.0145421308,,
CC_AMT_TOTAL_RECEIVABLE_MIN,0.0145421308,,
NAME_INCOME_TYPE_Commercial associate,0.0145421308,,
OCCUPATION_TYPE_Medicine staff,0.0145421308,,
ORGANIZATION_TYPE_Medicine,0.0145421308,,
PREV_CODE_REJECT_REASON_SCO_SUM,0.0145421308,,
PREV_NAME_CASH_LOAN_PURPOSE_Other_MEAN,0.0145421308,,
PREV_NAME_CASH_LOAN_PURPOSE_Purchase of electronic equipment_MEAN,0.0145421308,,
PREV_NAME_GOODS_CATEGORY_Auto Accessories_SUM,0.0145421308,,
PREV_PRODUCT_COMBINATION_POS industry without interest_MEAN,0.0145421308,,
REFUSED_AMT_DOWN_PAYMENT_MAX,0.0145421308,,
REFUSED_AMT_DOWN_PAYMENT_MEAN,0.0145421308,,
WEEKDAY_APPR_PROCESS_START_MONDAY,0.0145421308,,
WEEKDAY_APPR_PROCESS_START_SUNDAY,0.0145421308,,
CC_AMT_DRAWINGS_OTHER_CURRENT_MAX,0.016619578,,
CC_AMT_TOTAL_RECEIVABLE_VAR,0.016619578,,
CC_NAME_CONTRACT_STATUS_Active_MEAN,0.016619578,,
CC_SK_DPD_MEAN,0.016619578,,
CC_SK_DPD_VAR,0.016619578,,
FONDKAPREMONT_MODE_reg oper account,0.016619578,,
NAME_FAMILY_STATUS_Separated,0.016619578,,
PREV_CODE_REJECT_REASON_XAP_SUM,0.016619578,,
PREV_FLAG_LAST_APPL_PER_CONTRACT_Y_SUM,0.016619578,,
PREV_NAME_TYPE_SUITE_Family_SUM,0.016619578,,
PREV_PRODUCT_COMBINATION_Cash X-Sell: low_SUM,0.016619578,,
PREV_PRODUCT_COMBINATION_POS mobile with interest_SUM,0.016619578,,
WEEKDAY_APPR_PROCESS_START_FRIDAY,0.016619578,,
ACTIVE_AMT_CREDIT_SUM_OVERDUE_MEAN,0.0186970253,,
BURO_CREDIT_DAY_OVERDUE_MAX,0.0186970253,,
CC_SK_DPD_SUM,0.0186970253,,
ELEVATORS_MODE,0.0186970253,,
FLOORSMAX_MODE,0.0186970253,,
HOUSETYPE_MODE_specific housing,0.0186970253,,
NONLIVINGAPARTMENTS_MODE,0.0186970253,,
ORGANIZATION_TYPE_Bank,0.0186970253,,
PREV_NAME_YIELD_GROUP_low_action_SUM,0.0186970253,,
PREV_PRODUCT_COMBINATION_Cash Street: middle_SUM,0.0186970253,,
WEEKDAY_APPR_PROCESS_START_WEDNESDAY,0.0186970253,,
CC_NAME_CONTRACT_STATUS_Completed_VAR,0.0207744725,,
LIVE_CITY_NOT_WORK_CITY,0.0207744725,,
NONLIVINGAPARTMENTS_AVG,0.0207744725,,
NONLIVINGAPARTMENTS_MEDI,0.0207744725,,
PREV_NAME_CONTRACT_STATUS_Approved_SUM,0.0207744725,,
PREV_NAME_SELLER_INDUSTRY_Industry_MEAN,0.0207744725,,
CNT_FAM_MEMBERS,0.0228519198,,
NAME_EDUCATION_TYPE_Lower secondary,0.0228519198,,
NAME_HOUSING_TYPE_Office apartment,0.0228519198,,
PREV_CHANNEL_TYPE_AP+ (Cash loan)_SUM,0.0228519198,,
PREV_PRODUCT_COMBINATION_Cash X-Sell: high_SUM,0.0228519198,,
PREV_PRODUCT_COMBINATION_POS industry with interest_SUM,0.0228519198,,
PREV_PRODUCT_COMBINATION_POS other with interest_MEAN,0.0228519198,,
CC_AMT_CREDIT_LIMIT_ACTUAL_MAX,0.024929367,,
CC_MONTHS_BALANCE_SUM,0.024929367,,
CC_NAME_CONTRACT_STATUS_Completed_MEAN,0.024929367,,
CLOSED_AMT_CREDIT_SUM_DEBT_MEAN,0.024929367,,
ELEVATORS_MEDI,0.024929367,,
FLOORSMAX_MEDI,0.024929367,,
FLOORSMIN_AVG,0.024929367,,
ORGANIZATION_TYPE_Police,0.024929367,,
PREV_NAME_CONTRACT_STATUS_Refused_SUM,0.024929367,,
PREV_PRODUCT_COMBINATION_Cash X-Sell: middle_SUM,0.024929367,,
PREV_PRODUCT_COMBINATION_POS industry without interest_SUM,0.024929367,,
CC_AMT_RECEIVABLE_PRINCIPAL_MAX,0.0270068143,,
CLOSED_AMT_CREDIT_SUM_DEBT_SUM,0.0270068143,,
CLOSED_AMT_CREDIT_SUM_LIMIT_MEAN,0.0270068143,,
FLAG_DOCUMENT_16,0.0270068143,,
FLAG_OWN_REALTY,0.0270068143,,
PREV_CODE_REJECT_REASON_LIMIT_SUM,0.0270068143,,
PREV_NAME_GOODS_CATEGORY_Consumer Electronics_SUM,0.0270068143,,
PREV_NAME_GOODS_CATEGORY_Jewelry_MEAN,0.0270068143,,
PREV_NAME_SELLER_INDUSTRY_Clothing_MEAN,0.0270068143,,
"PREV_NAME_TYPE_SUITE_Spouse, partner_SUM",0.0270068143,,
PREV_PRODUCT_COMBINATION_Cash Street: low_SUM,0.0270068143,,
PREV_PRODUCT_COMBINATION_POS mobile without interest_MEAN,0.0270068143,,
CC_AMT_INST_MIN_REGULARITY_MEAN,0.0290842615,,
CC_AMT_RECEIVABLE_PRINCIPAL_SUM,0.0290842615,,
CC_CNT_DRAWINGS_ATM_CURRENT_MAX,0.0290842615,,
NAME_EDUCATION_TYPE_Incomplete higher,0.0290842615,,
NAME_HOUSING_TYPE_Municipal apartment,0.0290842615,,
PREV_NAME_CASH_LOAN_PURPOSE_Medicine_MEAN,0.0290842615,,
WEEKDAY_APPR_PROCESS_START_SATURDAY,0.0290842615,,
CC_AMT_TOTAL_RECEIVABLE_MAX,0.0311617106,,
CC_CNT_DRAWINGS_OTHER_CURRENT_VAR,0.0311617106,,
CC_SK_DPD_DEF_MEAN,0.0311617106,,
PREV_CHANNEL_TYPE_Regional / Local_SUM,0.0311617106,,
PREV_NAME_GOODS_CATEGORY_Mobile_SUM,0.0311617106,,
PREV_NAME_PORTFOLIO_XNA_SUM,0.0311617106,,
PREV_PRODUCT_COMBINATION_Cash_SUM,0.0311617106,,
BURO_BB_STATUS_2_MEAN_sum,0.033239156,,
CC_AMT_BALANCE_SUM,0.033239156,,
CLOSED_AMT_CREDIT_SUM_DEBT_MAX,0.033239156,,
FLOORSMIN_MEDI,0.033239156,,
NAME_FAMILY_STATUS_Civil marriage,0.033239156,,
OCCUPATION_TYPE_High skill tech staff,0.033239156,,
PREV_NAME_CONTRACT_STATUS_Canceled_SUM,0.033239156,,
PREV_NAME_CONTRACT_TYPE_Consumer loans_SUM,0.033239156,,
PREV_NAME_GOODS_CATEGORY_Construction Materials_MEAN,0.033239156,,
PREV_NAME_PORTFOLIO_POS_SUM,0.033239156,,
PREV_NAME_SELLER_INDUSTRY_Furniture_MEAN,0.033239156,,
PREV_PRODUCT_COMBINATION_Cash Street: high_SUM,0.033239156,,
REFUSED_RATE_DOWN_PAYMENT_MEAN,0.033239156,,
CC_MONTHS_BALANCE_MEAN,0.0353166014,,
REFUSED_RATE_DOWN_PAYMENT_MIN,0.0353166014,,
AMT_REQ_CREDIT_BUREAU_MON,0.0373940505,,
CC_AMT_PAYMENT_CURRENT_MAX,0.0373940505,,
PREV_NAME_CLIENT_TYPE_New_SUM,0.0373940505,,
PREV_PRODUCT_COMBINATION_Card Street_SUM,0.0373940505,,
REFUSED_AMT_DOWN_PAYMENT_MIN,0.0373940505,,
BURO_CREDIT_ACTIVE_Closed_SUM,0.0394714959,,
CC_AMT_RECIVABLE_MAX,0.0394714959,,
CC_CNT_DRAWINGS_POS_CURRENT_SUM,0.0394714959,,
CC_NAME_CONTRACT_STATUS_Active_SUM,0.0394714959,,
ELEVATORS_AVG,0.0394714959,,
ORGANIZATION_TYPE_Trade: type 2,0.0394714959,,
PREV_NAME_SELLER_INDUSTRY_XNA_SUM,0.0394714959,,
PREV_WEEKDAY_APPR_PROCESS_START_FRIDAY_SUM,0.0394714959,,
CC_AMT_DRAWINGS_POS_CURRENT_VAR,0.041548945,,
CC_AMT_INST_MIN_REGULARITY_MAX,0.041548945,,
ORGANIZATION_TYPE_Industry: type 9,0.041548945,,
PREV_NAME_CONTRACT_STATUS_Unused offer_MEAN,0.041548945,,
REFUSED_AMT_APPLICATION_MAX,0.041548945,,
ACTIVE_AMT_CREDIT_SUM_OVERDUE_SUM,0.0436263904,,
BURO_BB_STATUS_2_MEAN_mean,0.0436263904,,
CC_AMT_BALANCE_MIN,0.0436263904,,
CC_AMT_PAYMENT_TOTAL_CURRENT_MAX,0.0436263904,,
INSTALL_PAYMENT_PERC_MAX,0.0436263904,,
NAME_HOUSING_TYPE_House / apartment,0.0436263904,,
PREV_CHANNEL_TYPE_Stone_SUM,0.0436263904,,
PREV_NAME_CASH_LOAN_PURPOSE_Urgent needs_MEAN,0.0436263904,,
BURO_AMT_CREDIT_SUM_OVERDUE_MEAN,0.0457038395,,
CC_CNT_INSTALMENT_MATURE_CUM_SUM,0.0457038395,,
CHILDREN_RATIO,0.0457038395,,
ENTRANCES_MEDI,0.0457038395,,
ENTRANCES_MODE,0.0457038395,,
LIVINGAPARTMENTS_MODE,0.0457038395,,
PREV_NAME_CASH_LOAN_PURPOSE_Repairs_MEAN,0.0457038395,,
PREV_NAME_CLIENT_TYPE_Repeater_SUM,0.0457038395,,
PREV_NAME_PRODUCT_TYPE_XNA_SUM,0.0457038395,,
PREV_PRODUCT_COMBINATION_POS household without interest_MEAN,0.0457038395,,
PREV_WEEKDAY_APPR_PROCESS_START_SUNDAY_SUM,0.0457038395,,
PREV_WEEKDAY_APPR_PROCESS_START_TUESDAY_SUM,0.0457038395,,
REGION_RATING_CLIENT,0.0457038395,,
WALLSMATERIAL_MODE_Panel,0.0457038395,,
BURO_CREDIT_ACTIVE_Sold_MEAN,0.0477812849,,
BURO_CREDIT_CURRENCY_currency 1_SUM,0.0477812849,,
CC_CNT_DRAWINGS_POS_CURRENT_MAX,0.0477812849,,
PREV_NAME_GOODS_CATEGORY_XNA_SUM,0.0477812849,,
CC_AMT_RECIVABLE_SUM,0.049858734,,
ORGANIZATION_TYPE_School,0.049858734,,
PREV_CODE_REJECT_REASON_HC_SUM,0.049858734,,
PREV_NAME_PRODUCT_TYPE_walk-in_SUM,0.049858734,,
YEARS_BUILD_MEDI,0.049858734,,
FLAG_PHONE,0.0519361794,,
OCCUPATION_TYPE_Accountants,0.0519361794,,
CC_AMT_DRAWINGS_POS_CURRENT_MIN,0.0540136285,,
PREV_CHANNEL_TYPE_Regional / Local_MEAN,0.0540136285,,
PREV_NAME_CASH_LOAN_PURPOSE_XAP_SUM,0.0540136285,,
PREV_NAME_GOODS_CATEGORY_Audio/Video_MEAN,0.0540136285,,
PREV_NAME_PORTFOLIO_Cash_SUM,0.0540136285,,
PREV_WEEKDAY_APPR_PROCESS_START_SATURDAY_SUM,0.0540136285,,
REFUSED_APP_CREDIT_PERC_MAX,0.0540136285,,
CC_AMT_DRAWINGS_POS_CURRENT_MEAN,0.0560910739,,
CC_AMT_PAYMENT_TOTAL_CURRENT_VAR,0.0560910739,,
CC_AMT_RECEIVABLE_PRINCIPAL_MIN,0.0560910739,,
CC_AMT_RECIVABLE_VAR,0.0560910739,,
CC_CNT_DRAWINGS_OTHER_CURRENT_MEAN,0.0560910739,,
CC_CNT_INSTALMENT_MATURE_CUM_MEAN,0.0560910739,,
PREV_NAME_CASH_LOAN_PURPOSE_XAP_MEAN,0.0560910739,,
PREV_NAME_SELLER_INDUSTRY_Auto technology_MEAN,0.0560910739,,
PREV_WEEKDAY_APPR_PROCESS_START_WEDNESDAY_SUM,0.0560910739,,
REFUSED_RATE_DOWN_PAYMENT_MAX,0.0560910739,,
YEARS_BUILD_AVG,0.0560910739,,
CC_AMT_INST_MIN_REGULARITY_SUM,0.058168523,,
CC_CNT_DRAWINGS_CURRENT_SUM,0.058168523,,
COMMONAREA_AVG,0.058168523,,
LIVINGAPARTMENTS_MEDI,0.058168523,,
PREV_NAME_CLIENT_TYPE_Refreshed_SUM,0.058168523,,
CC_AMT_DRAWINGS_ATM_CURRENT_MAX,0.0602459721,,
CC_CNT_DRAWINGS_ATM_CURRENT_SUM,0.0602459721,,
CLOSED_AMT_ANNUITY_SUM,0.0602459721,,
PREV_NAME_GOODS_CATEGORY_Furniture_MEAN,0.0602459721,,
POS_NAME_CONTRACT_STATUS_Returned to the store_MEAN,0.0623234212,,
PREV_NAME_PAYMENT_TYPE_XNA_SUM,0.0623234212,,
PREV_PRODUCT_COMBINATION_Card Street_MEAN,0.0623234212,,
BURO_AMT_CREDIT_SUM_OVERDUE_SUM,0.0644008666,,
BURO_BB_STATUS_1_MEAN_sum,0.0644008666,,
CC_AMT_DRAWINGS_CURRENT_SUM,0.0644008666,,
CC_AMT_RECEIVABLE_PRINCIPAL_VAR,0.0644008666,,
CC_NAME_CONTRACT_STATUS_Active_VAR,0.0644008666,,
POS_SK_DPD_MAX,0.0644008666,,
PREV_NAME_CONTRACT_TYPE_Cash loans_SUM,0.0644008666,,
PREV_NAME_GOODS_CATEGORY_Photo / Cinema Equipment_MEAN,0.0644008666,,
REFUSED_AMT_CREDIT_MEAN,0.0644008666,,
BURO_SK_ID_CURR_COUNT,0.066478312,,
CC_AMT_BALANCE_VAR,0.066478312,,
CC_AMT_DRAWINGS_CURRENT_MAX,0.066478312,,
CC_AMT_DRAWINGS_CURRENT_VAR,0.066478312,,
CC_AMT_PAYMENT_CURRENT_VAR,0.066478312,,
NONLIVINGAREA_MEDI,0.066478312,,
PREV_CODE_REJECT_REASON_SCOFR_MEAN,0.066478312,,
PREV_NAME_CASH_LOAN_PURPOSE_XNA_SUM,0.066478312,,
PREV_NAME_YIELD_GROUP_XNA_SUM,0.066478312,,
PREV_PRODUCT_COMBINATION_Cash Street: middle_MEAN,0.066478312,,
PREV_WEEKDAY_APPR_PROCESS_START_SUNDAY_MEAN,0.066478312,,
CNT_CHILDREN,0.0685557574,,
FLOORSMAX_AVG,0.0685557574,,
NAME_INCOME_TYPE_State servant,0.0685557574,,
PREV_NAME_CONTRACT_TYPE_Revolving loans_MEAN,0.0685557574,,
"PREV_NAME_TYPE_SUITE_Spouse, partner_MEAN",0.0685557574,,
REFUSED_AMT_APPLICATION_MEAN,0.0685557574,,
"WALLSMATERIAL_MODE_Stone, brick",0.0685557574,,
YEARS_BEGINEXPLUATATION_AVG,0.0685557574,,
CC_AMT_BALANCE_MEAN,0.0706332028,,
CC_AMT_DRAWINGS_ATM_CURRENT_VAR,0.0706332028,,
FLAG_DOCUMENT_18,0.0706332028,,
PREV_NAME_PAYMENT_TYPE_Cash through the bank_SUM,0.0706332028,,
PREV_NAME_SELLER_INDUSTRY_Connectivity_SUM,0.0706332028,,
REFUSED_HOUR_APPR_PROCESS_START_MAX,0.0706332028,,
BURO_AMT_ANNUITY_SUM,0.0727106556,,
CC_CNT_DRAWINGS_POS_CURRENT_MEAN,0.0727106556,,
OCCUPATION_TYPE_Core staff,0.0727106556,,
PREV_CHANNEL_TYPE_Channel of corporate sales_MEAN,0.0727106556,,
PREV_NAME_SELLER_INDUSTRY_Consumer electronics_SUM,0.0727106556,,
PREV_PRODUCT_COMBINATION_Card X-Sell_MEAN,0.0727106556,,
PREV_WEEKDAY_APPR_PROCESS_START_THURSDAY_SUM,0.0727106556,,
BURO_AMT_ANNUITY_MAX,0.074788101,,
COMMONAREA_MODE,0.074788101,,
FLAG_OWN_CAR,0.074788101,,
LIVINGAPARTMENTS_AVG,0.074788101,,
PREV_CHANNEL_TYPE_Credit and cash offices_SUM,0.074788101,,
PREV_NAME_PRODUCT_TYPE_x-sell_SUM,0.074788101,,
PREV_NAME_TYPE_SUITE_Children_MEAN,0.074788101,,
PREV_PRODUCT_COMBINATION_Cash_MEAN,0.074788101,,
REFUSED_AMT_ANNUITY_MEAN,0.074788101,,
APPROVED_HOUR_APPR_PROCESS_START_MIN,0.0768655539,,
BURO_CREDIT_TYPE_Microloan_SUM,0.0768655539,,
LIVINGAREA_AVG,0.0768655539,,
ORGANIZATION_TYPE_Transport: type 3,0.0768655539,,
PREV_PRODUCT_COMBINATION_POS industry with interest_MEAN,0.0768655539,,
REFUSED_CNT_PAYMENT_MEAN,0.0768655539,,
CC_AMT_DRAWINGS_ATM_CURRENT_SUM,0.0789429918,,
CC_AMT_DRAWINGS_CURRENT_MEAN,0.0789429918,,
CC_CNT_INSTALMENT_MATURE_CUM_VAR,0.0789429918,,
COMMONAREA_MEDI,0.0789429918,,
PREV_NAME_CONTRACT_TYPE_Consumer loans_MEAN,0.0789429918,,
REFUSED_AMT_GOODS_PRICE_MIN,0.0789429918,,
OCCUPATION_TYPE_Drivers,0.0810204446,,
POS_NAME_CONTRACT_STATUS_Signed_MEAN,0.0810204446,,
PREV_NAME_GOODS_CATEGORY_Sport and Leisure_MEAN,0.0810204446,,
PREV_NAME_TYPE_SUITE_Other_B_MEAN,0.0810204446,,
PREV_NAME_YIELD_GROUP_middle_SUM,0.0810204446,,
PREV_PRODUCT_COMBINATION_Cash Street: high_MEAN,0.0810204446,,
PREV_PRODUCT_COMBINATION_POS household with interest_SUM,0.0810204446,,
PREV_WEEKDAY_APPR_PROCESS_START_MONDAY_SUM,0.0810204446,,
REFUSED_HOUR_APPR_PROCESS_START_MIN,0.0810204446,,
BURO_AMT_ANNUITY_MEAN,0.08309789,,
CC_AMT_DRAWINGS_POS_CURRENT_MAX,0.08309789,,
CC_CNT_DRAWINGS_CURRENT_MAX,0.08309789,,
LIVINGAREA_MEDI,0.08309789,,
NAME_INCOME_TYPE_Working,0.08309789,,
PREV_CODE_REJECT_REASON_SCO_MEAN,0.08309789,,
PREV_PRODUCT_COMBINATION_POS mobile with interest_MEAN,0.08309789,,
REFUSED_AMT_GOODS_PRICE_MEAN,0.08309789,,
ACTIVE_AMT_ANNUITY_MEAN,0.0851753354,,
CC_AMT_CREDIT_LIMIT_ACTUAL_MIN,0.0851753354,,
CC_AMT_RECEIVABLE_PRINCIPAL_MEAN,0.0851753354,,
CC_AMT_RECIVABLE_MIN,0.0851753354,,
LANDAREA_MODE,0.0851753354,,
OCCUPATION_TYPE_Laborers,0.0851753354,,
ORGANIZATION_TYPE_Business Entity Type 3,0.0851753354,,
REFUSED_AMT_APPLICATION_MIN,0.0851753354,,
REFUSED_CNT_PAYMENT_SUM,0.0851753354,,
APARTMENTS_MEDI,0.0872527808,,
CC_AMT_PAYMENT_CURRENT_MEAN,0.0872527808,,
NONLIVINGAREA_AVG,0.0872527808,,
PREV_CODE_REJECT_REASON_LIMIT_MEAN,0.0872527808,,
PREV_NAME_GOODS_CATEGORY_Mobile_MEAN,0.0893302336,,
CLOSED_AMT_ANNUITY_MEAN,0.091407679,,
LANDAREA_MEDI,0.091407679,,
ORGANIZATION_TYPE_Construction,0.091407679,,
REFUSED_AMT_ANNUITY_MAX,0.091407679,,
CC_AMT_PAYMENT_CURRENT_SUM,0.0934851244,,
POS_NAME_CONTRACT_STATUS_Completed_SUM,0.0934851244,,
PREV_CHANNEL_TYPE_Country-wide_SUM,0.0934851244,,
PREV_NAME_YIELD_GROUP_low_normal_SUM,0.0934851244,,
ACTIVE_AMT_ANNUITY_MAX,0.0955625698,,
BASEMENTAREA_AVG,0.0955625698,,
CC_AMT_RECIVABLE_MEAN,0.0955625698,,
ENTRANCES_AVG,0.0955625698,,
ORGANIZATION_TYPE_Military,0.0955625698,,
PREV_CHANNEL_TYPE_AP+ (Cash loan)_MEAN,0.0955625698,,
PREV_NAME_GOODS_CATEGORY_Consumer Electronics_MEAN,0.0955625698,,
PREV_NAME_YIELD_GROUP_high_SUM,0.0955625698,,
ACTIVE_AMT_ANNUITY_SUM,0.0976400226,,
BURO_BB_STATUS_C_MEAN_mean,0.0976400226,,
BURO_DAYS_ENDDATE_FACT_SUM,0.0976400226,,
CC_AMT_INST_MIN_REGULARITY_VAR,0.0976400226,,
CLOSED_DAYS_ENDDATE_FACT_MIN,0.0976400226,,
BURO_CREDIT_TYPE_Consumer credit_SUM,0.099717468,,
APARTMENTS_AVG,0.1017949209,,
BASEMENTAREA_MEDI,0.1017949209,,
CC_AMT_CREDIT_LIMIT_ACTUAL_VAR,0.1017949209,,
CLOSED_AMT_ANNUITY_MAX,0.1017949209,,
PREV_HOUR_APPR_PROCESS_START_MIN,0.1017949209,,
PREV_NAME_TYPE_SUITE_Unaccompanied_SUM,0.1017949209,,
CC_CNT_DRAWINGS_POS_CURRENT_VAR,0.1038723588,,
PREV_AMT_DOWN_PAYMENT_MIN,0.1059498042,,
PREV_NAME_CONTRACT_TYPE_Cash loans_MEAN,0.1059498042,,
PREV_PAYMENT_RATE_MIN,0.1059498042,,
REFUSED_AMT_CREDIT_MIN,0.1059498042,,
REFUSED_PAYMENT_RATE_MAX,0.1059498042,,
CC_AMT_PAYMENT_CURRENT_MIN,0.108027257,,
CC_MONTHS_BALANCE_VAR,0.108027257,,
BURO_CREDIT_TYPE_Microloan_MEAN,0.1101047024,,
CLOSED_DAYS_ENDDATE_FACT_SUM,0.1101047024,,
PREV_CHANNEL_TYPE_Contact center_MEAN,0.1101047024,,
APPROVED_AMT_CREDIT_MEAN,0.1121821478,,
CC_AMT_PAYMENT_TOTAL_CURRENT_SUM,0.1121821478,,
REFUSED_AMT_CREDIT_MAX,0.1121821478,,
BURO_BB_STATUS_1_MEAN_mean,0.1142596006,,
POS_SK_DPD_DEF_MAX,0.1142596006,,
ACTIVE_AMT_CREDIT_SUM_LIMIT_SUM,0.116337046,,
BURO_BB_MONTHS_BALANCE_MIN_min,0.116337046,,
LIVINGAREA_MODE,0.116337046,,
PREV_NAME_SELLER_INDUSTRY_XNA_MEAN,0.116337046,,
REFUSED_APP_CREDIT_PERC_MIN,0.116337046,,
APPROVED_AMT_DOWN_PAYMENT_MIN,0.118414484,,
FLAG_WORK_PHONE,0.118414484,,
PREV_AMT_CREDIT_MAX,0.118414484,,
YEARS_BUILD_MODE,0.118414484,,
APPROVED_RATE_DOWN_PAYMENT_MIN,0.1204919443,,
BURO_AMT_CREDIT_SUM_LIMIT_SUM,0.1204919443,,
CC_AMT_CREDIT_LIMIT_ACTUAL_SUM,0.1204919443,,
NONLIVINGAREA_MODE,0.1204919443,,
PREV_NAME_CLIENT_TYPE_New_MEAN,0.1204919443,,
PREV_NAME_PORTFOLIO_Cards_MEAN,0.1204919443,,
AMT_REQ_CREDIT_BUREAU_QRT,0.1225693822,,
LANDAREA_AVG,0.1225693822,,
PREV_NAME_CONTRACT_STATUS_Canceled_MEAN,0.1225693822,,
PREV_NAME_PORTFOLIO_XNA_MEAN,0.1225693822,,
BURO_DAYS_ENDDATE_FACT_MIN,0.1246468425,,
NAME_EDUCATION_TYPE_Secondary / secondary special,0.1246468425,,
PREV_AMT_APPLICATION_MIN,0.1246468425,,
PREV_CNT_PAYMENT_SUM,0.1246468425,,
PREV_NAME_PORTFOLIO_POS_MEAN,0.1246468425,,
APPROVED_AMT_GOODS_PRICE_MEAN,0.1267242879,,
CC_CNT_DRAWINGS_CURRENT_MEAN,0.1267242879,,
REFUSED_DAYS_DECISION_MIN,0.1267242879,,
CLOSED_AMT_CREDIT_MAX_OVERDUE_MEAN,0.1288017333,,
PREV_CODE_REJECT_REASON_HC_MEAN,0.1288017333,,
PREV_NAME_CASH_LOAN_PURPOSE_XNA_MEAN,0.1288017333,,
PREV_NAME_GOODS_CATEGORY_XNA_MEAN,0.1288017333,,
CLOSED_DAYS_CREDIT_ENDDATE_MIN,0.1308791786,,
PREV_CODE_REJECT_REASON_XAP_MEAN,0.1308791786,,
PREV_NAME_TYPE_SUITE_Family_MEAN,0.1308791786,,
PREV_RATE_DOWN_PAYMENT_MIN,0.1308791786,,
CC_AMT_DRAWINGS_POS_CURRENT_SUM,0.132956624,,
PREV_NAME_TYPE_SUITE_nan_SUM,0.132956624,,
YEARS_BEGINEXPLUATATION_MODE,0.132956624,,
NAME_CONTRACT_TYPE_Cash loans,0.1350340694,,
PREV_AMT_APPLICATION_MAX,0.1350340694,,
PREV_CHANNEL_TYPE_Stone_MEAN,0.1371115148,,
PREV_DAYS_DECISION_MIN,0.1391889602,,
BURO_BB_STATUS_0_COUNT_mean,0.1412664056,,
BURO_CREDIT_TYPE_Car loan_MEAN,0.1412664056,,
INSTAL_COUNT,0.1412664056,,
OBS_30_CNT_SOCIAL_CIRCLE,0.1412664056,,
CLOSED_AMT_CREDIT_MAX_OVERDUE_SUM,0.1433438659,,
DEF_60_CNT_SOCIAL_CIRCLE,0.1433438659,,
PREV_PRODUCT_COMBINATION_Cash X-Sell: middle_MEAN,0.1433438659,,
REFUSED_AMT_ANNUITY_MIN,0.1433438659,,
PREV_NAME_GOODS_CATEGORY_Computers_MEAN,0.1454213113,,
REFUSED_PAYMENT_RATE_MIN,0.1454213113,,
INSTALL_DPD_800_MAX,0.1474987417,,
INSTALL_NUM_INSTALMENT_VERSION_NUNIQUE,0.1474987417,,
ORGANIZATION_TYPE_Self-employed,0.1474987417,,
REFUSED_PAYMENT_RATE_MEAN,0.1474987417,,
REG_CITY_NOT_LIVE_CITY,0.1474987417,,
PREV_NAME_YIELD_GROUP_low_action_MEAN,0.149576202,,
PREV_PRODUCT_COMBINATION_Cash X-Sell: low_MEAN,0.149576202,,
APPROVED_AMT_GOODS_PRICE_MIN,0.1516536474,,
INSTALL_DPD_MAX,0.1516536474,,
PREV_AMT_GOODS_PRICE_MEAN,0.1516536474,,
PREV_NAME_PRODUCT_TYPE_XNA_MEAN,0.1516536474,,
BURO_BB_STATUS_C_MEAN_sum,0.1537311077,,
BURO_CREDIT_TYPE_Credit card_SUM,0.1537311077,,
CC_AMT_PAYMENT_TOTAL_CURRENT_MEAN,0.1537311077,,
POS_SK_DPD_MEAN,0.1537311077,,
PREV_PRODUCT_COMBINATION_Cash Street: low_MEAN,0.1537311077,,
PREV_PRODUCT_COMBINATION_POS household with interest_MEAN,0.1537311077,,
APPROVED_AMT_APPLICATION_MEAN,0.1558085382,,
APPROVED_RATE_DOWN_PAYMENT_MAX,0.1558085382,,
PREV_NAME_PAYMENT_TYPE_Cash through the bank_MEAN,0.1558085382,,
PREV_NAME_YIELD_GROUP_XNA_MEAN,0.1558085382,,
BURO_BB_STATUS_X_MEAN_sum,0.1578859836,,
REFUSED_APP_CREDIT_PERC_VAR,0.1578859836,,
REFUSED_HOUR_APPR_PROCESS_START_MEAN,0.1578859836,,
ACTIVE_AMT_CREDIT_MAX_OVERDUE_SUM,0.1599634439,,
APPROVED_AMT_DOWN_PAYMENT_MEAN,0.1599634439,,
FLAG_DOCUMENT_3,0.1599634439,,
PREV_WEEKDAY_APPR_PROCESS_START_SATURDAY_MEAN,0.1599634439,,
INSTALL_DPD_400_MAX,0.1620408893,,
PREV_HOUR_APPR_PROCESS_START_MAX,0.1641183347,,
REFUSED_DAYS_DECISION_MEAN,0.1641183347,,
YEARS_BEGINEXPLUATATION_MEDI,0.1641183347,,
BASEMENTAREA_MODE,0.16619578,,
BURO_BB_STATUS_X_MEAN_mean,0.16619578,,
PREV_NAME_PRODUCT_TYPE_x-sell_MEAN,0.16619578,,
PREV_PRODUCT_COMBINATION_Cash X-Sell: high_MEAN,0.16619578,,
PREV_NAME_CLIENT_TYPE_Refreshed_MEAN,0.1682732254,,
CC_AMT_CREDIT_LIMIT_ACTUAL_MEAN,0.1703506708,,
ACTIVE_AMT_CREDIT_MAX_OVERDUE_MEAN,0.1724281162,,
APPROVED_AMT_CREDIT_MIN,0.1724281162,,
PREV_NAME_PRODUCT_TYPE_walk-in_MEAN,0.1724281162,,
PREV_WEEKDAY_APPR_PROCESS_START_THURSDAY_MEAN,0.1724281162,,
INSTALL_DPD_800_SUM,0.1745055616,,
PREV_NAME_CLIENT_TYPE_Repeater_MEAN,0.1745055616,,
PREV_NAME_CONTRACT_STATUS_Approved_MEAN,0.1745055616,,
PREV_WEEKDAY_APPR_PROCESS_START_TUESDAY_MEAN,0.1745055616,,
APARTMENTS_MODE,0.176583007,,
APPROVED_HOUR_APPR_PROCESS_START_MAX,0.176583007,,
CC_AMT_DRAWINGS_ATM_CURRENT_MEAN,0.176583007,,
CLOSED_DAYS_CREDIT_MIN,0.176583007,,
DEF_30_CNT_SOCIAL_CIRCLE,0.176583007,,
APPROVED_DAYS_DECISION_MIN,0.1807379127,,
APPROVED_RATE_DOWN_PAYMENT_MEAN,0.182815358,,
PREV_RATE_DOWN_PAYMENT_MAX,0.182815358,,
AMT_REQ_CREDIT_BUREAU_YEAR,0.1869702488,,
APPROVED_APP_CREDIT_PERC_MAX,0.1869702488,,
PREV_PAYMENT_RATE_MAX,0.1869702488,,
REFUSED_APP_CREDIT_PERC_MEAN,0.1869702488,,
INSTALL_PAYMENT_DIFF_VAR,0.1890477091,,
PREV_AMT_DOWN_PAYMENT_MEAN,0.1890477091,,
APPROVED_AMT_APPLICATION_MAX,0.1911251396,,
INSTALL_DPD_400_SUM,0.193202585,,
PREV_AMT_GOODS_PRICE_MIN,0.1952800453,,
PREV_CHANNEL_TYPE_Country-wide_MEAN,0.1952800453,,
ACTIVE_AMT_CREDIT_SUM_LIMIT_MEAN,0.1973575056,,
BURO_CREDIT_TYPE_Mortgage_MEAN,0.1973575056,,
PREV_AMT_APPLICATION_MEAN,0.1973575056,,
OBS_60_CNT_SOCIAL_CIRCLE,0.199434936,,
ACTIVE_AMT_CREDIT_SUM_DEBT_MAX,0.2015123814,,
BURO_BB_STATUS_0_MEAN_mean,0.2015123814,,
BURO_CREDIT_TYPE_Consumer credit_MEAN,0.2015123814,,
PREV_AMT_CREDIT_MIN,0.2015123814,,
HOUR_APPR_PROCESS_START,0.2035898417,,
PREV_WEEKDAY_APPR_PROCESS_START_WEDNESDAY_MEAN,0.2035898417,,
BURO_DAYS_CREDIT_ENDDATE_MIN,0.2056672722,,
PREV_APP_CREDIT_PERC_MIN,0.2056672722,,
PREV_NAME_PORTFOLIO_Cash_MEAN,0.2056672722,,
PREV_NAME_SELLER_INDUSTRY_Connectivity_MEAN,0.2056672722,,
PREV_WEEKDAY_APPR_PROCESS_START_FRIDAY_MEAN,0.2056672722,,
PREV_AMT_ANNUITY_MAX,0.2077447176,,
BURO_CREDIT_ACTIVE_Active_MEAN,0.2098221779,,
PREV_AMT_CREDIT_MEAN,0.2118996084,,
PREV_NAME_SELLER_INDUSTRY_Consumer electronics_MEAN,0.2118996084,,
PREV_CHANNEL_TYPE_Credit and cash offices_MEAN,0.2139770687,,
CLOSED_DAYS_CREDIT_ENDDATE_SUM,0.2160545141,,
CLOSED_DAYS_CREDIT_ENDDATE_MEAN,0.2181319594,,
BURO_AMT_CREDIT_SUM_DEBT_SUM,0.2202094048,,
BURO_AMT_CREDIT_SUM_DEBT_MAX,0.2222868651,,
APPROVED_PAYMENT_RATE_MAX,0.2243642956,,
BURO_AMT_CREDIT_SUM_LIMIT_MEAN,0.2243642956,,
BURO_DAYS_ENDDATE_FACT_MAX,0.2243642956,,
PREV_AMT_DOWN_PAYMENT_MAX,0.2243642956,,
ACTIVE_DAYS_CREDIT_ENDDATE_SUM,0.2285192013,,
ACTIVE_DAYS_CREDIT_MIN,0.2285192013,,
APPROVED_AMT_CREDIT_MAX,0.2305966318,,
APPROVED_AMT_ANNUITY_MAX,0.2326740921,,
BURO_CREDIT_ACTIVE_Active_SUM,0.2347515374,,
REGION_RATING_CLIENT_W_CITY,0.2347515374,,
ACTIVE_AMT_CREDIT_SUM_DEBT_SUM,0.2368289679,,
NAME_EDUCATION_TYPE_Higher education,0.2368289679,,
PREV_PAYMENT_RATE_MEAN,0.2368289679,,
CC_CNT_DRAWINGS_CURRENT_VAR,0.2409838885,,
INSTALL_AMT_INSTALMENT_MEAN,0.2409838885,,
INSTALL_AMT_PAYMENT_MAX,0.243061319,,
PREV_APP_CREDIT_PERC_MEAN,0.243061319,,
BURO_BB_STATUS_0_MEAN_sum,0.2451387644,,
PREV_AMT_ANNUITY_MEAN,0.2451387644,,
PREV_WEEKDAY_APPR_PROCESS_START_MONDAY_MEAN,0.2472162247,,
NAME_FAMILY_STATUS_Married,0.249293685,,
PREV_NAME_YIELD_GROUP_low_normal_MEAN,0.249293685,,
PREV_NAME_PAYMENT_TYPE_XNA_MEAN,0.2513711154,,
INSTALL_DAYS_ENTRY_PAYMENT_SUM,0.2534485757,,
CC_CNT_DRAWINGS_ATM_CURRENT_VAR,0.2576034665,,
PREV_AMT_ANNUITY_MIN,0.2576034665,,
TOTALAREA_MODE,0.2576034665,,
PREV_NAME_YIELD_GROUP_middle_MEAN,0.259680897,,
AMT_INCOME_TOTAL,0.2617583573,,
CLOSED_DAYS_ENDDATE_FACT_MAX,0.2617583573,,
APPROVED_CNT_PAYMENT_SUM,0.2638357878,,
INSTALL_PAYMENT_DIFF_SUM,0.2659132481,,
APPROVED_AMT_APPLICATION_MIN,0.2679907084,,
CLOSED_DAYS_CREDIT_MEAN,0.2700681388,,
INSTALL_PAYMENT_PERC_SUM,0.2700681388,,
PREV_APP_CREDIT_PERC_MAX,0.2700681388,,
PREV_RATE_DOWN_PAYMENT_MEAN,0.2700681388,,
BURO_BB_STATUS_0_COUNT_sum,0.2721455991,,
BURO_DAYS_CREDIT_ENDDATE_SUM,0.2721455991,,
APPROVED_AMT_ANNUITY_MIN,0.2742230296,,
APPROVED_DAYS_DECISION_MEAN,0.2742230296,,
INSTALL_AMT_INSTALMENT_SUM,0.2742230296,,
BURO_CREDIT_TYPE_Credit card_MEAN,0.2763004601,,
ACTIVE_DAYS_CREDIT_VAR,0.2783779204,,
CLOSED_DAYS_CREDIT_UPDATE_MEAN,0.2804553807,,
APPROVED_AMT_ANNUITY_MEAN,0.2846102715,,
APPROVED_PAYMENT_RATE_MIN,0.2846102715,,
BURO_DAYS_CREDIT_MIN,0.2887651622,,
APPROVED_PAYMENT_RATE_MEAN,0.292920053,,
BURO_AMT_CREDIT_MAX_OVERDUE_MEAN,0.292920053,,
REFUSED_DAYS_DECISION_MAX,0.292920053,,
PREV_DAYS_DECISION_MEAN,0.2949974835,,
INSTALL_PAYMENT_DIFF_MAX,0.2970749438,,
POS_NAME_CONTRACT_STATUS_Active_SUM,0.2970749438,,
CLOSED_DAYS_CREDIT_VAR,0.2991524041,,
INSTALL_PAYMENT_PERC_MEAN,0.2991524041,,
BURO_DAYS_CREDIT_UPDATE_MEAN,0.3033072948,,
APPROVED_HOUR_APPR_PROCESS_START_MEAN,0.3074622154,,
BURO_CREDIT_ACTIVE_Closed_MEAN,0.3095396459,,
INSTALL_DAYS_ENTRY_PAYMENT_MEAN,0.3095396459,,
BURO_AMT_CREDIT_MAX_OVERDUE_SUM,0.3136945367,,
BURO_DAYS_CREDIT_ENDDATE_MEAN,0.3136945367,,
CLOSED_AMT_CREDIT_SUM_MAX,0.3136945367,,
APPROVED_APP_CREDIT_PERC_MEAN,0.3157719672,,
ACTIVE_AMT_CREDIT_SUM_MEAN,0.3240817785,,
BURO_DAYS_CREDIT_VAR,0.3240817785,,
POS_NAME_CONTRACT_STATUS_Active_MEAN,0.3261592388,,
INSTALL_PAYMENT_DIFF_MEAN,0.3323915601,,
PREV_NAME_TYPE_SUITE_nan_MEAN,0.3344689906,,
INSTALL_DPD_SUM,0.3365464509,,
PREV_NAME_CONTRACT_STATUS_Refused_MEAN,0.3365464509,,
BURO_AMT_CREDIT_SUM_MEAN,0.3386239111,,
INSTALL_AMT_PAYMENT_MEAN,0.3469336629,,
POS_SK_DPD_DEF_MEAN,0.3469336629,,
BURO_AMT_CREDIT_SUM_SUM,0.3510885835,,
POS_MONTHS_BALANCE_SIZE,0.3510885835,,
ACTIVE_AMT_CREDIT_SUM_SUM,0.353166014,,
ACTIVE_DAYS_CREDIT_ENDDATE_MEAN,0.353166014,,
CLOSED_AMT_CREDIT_SUM_SUM,0.353166014,,
BURO_AMT_CREDIT_SUM_MAX,0.3552434742,,
POS_MONTHS_BALANCE_MAX,0.3552434742,,
ACTIVE_AMT_CREDIT_SUM_DEBT_MEAN,0.3573209345,,
PREV_DAYS_DECISION_MAX,0.3614758253,,
INSTALL_AMT_INSTALMENT_MAX,0.3635532558,,
ACTIVE_DAYS_CREDIT_MEAN,0.3677081466,,
PREV_HOUR_APPR_PROCESS_START_MEAN,0.3697856069,,
INSTALL_PAYMENT_PERC_VAR,0.3718630672,,
ACTIVE_AMT_CREDIT_SUM_MAX,0.3739404976,,
ACTIVE_DAYS_CREDIT_ENDDATE_MAX,0.3760179579,,
CLOSED_DAYS_CREDIT_ENDDATE_MAX,0.3843277395,,
BURO_DAYS_CREDIT_ENDDATE_MAX,0.3988698721,,
INCOME_PER_PERSON,0.3988698721,,
INSTALL_DBD_MEAN,0.3988698721,,
APPROVED_AMT_DOWN_PAYMENT_MAX,0.4009473026,,
BURO_DAYS_CREDIT_MEAN,0.4009473026,,
INSTALL_AMT_PAYMENT_MIN,0.4051022232,,
PREV_NAME_YIELD_GROUP_high_MEAN,0.4051022232,,
CODE_GENDER,0.4113345444,,
POS_MONTHS_BALANCE_MEAN,0.4154894352,,
PREV_NAME_TYPE_SUITE_Unaccompanied_MEAN,0.4154894352,,
APPROVED_APP_CREDIT_PERC_VAR,0.4279541373,,
OWN_CAR_AGE,0.4279541373,,
PREV_APP_CREDIT_PERC_VAR,0.4279541373,,
BURO_AMT_CREDIT_SUM_DEBT_MEAN,0.4321090281,,
INCOME_CREDIT_PERC,0.4341864586,,
CLOSED_AMT_CREDIT_SUM_MEAN,0.4404188097,,
ACTIVE_DAYS_CREDIT_UPDATE_MEAN,0.4424962699,,
CC_CNT_DRAWINGS_ATM_CURRENT_MEAN,0.4445737302,,
BURO_DAYS_CREDIT_MAX,0.4466511905,,
INSTALL_DPD_400_MEAN,0.4487285912,,
INSTALL_DBD_MAX,0.4508060515,,
APPROVED_DAYS_DECISION_MAX,0.4632707238,,
INSTALL_DPD_MEAN,0.4653481841,,
POS_NAME_CONTRACT_STATUS_Completed_MEAN,0.4674256444,,
CLOSED_DAYS_CREDIT_MAX,0.5214392543,,
AMT_GOODS_PRICE,0.5235167146,,
REGION_POPULATION_RELATIVE,0.5380588174,,
APPROVED_APP_CREDIT_PERC_MIN,0.5484460592,,
ACTIVE_DAYS_CREDIT_ENDDATE_MIN,0.6294664741,,
AMT_CREDIT,0.6419311762,,
INSTALL_DBD_SUM,0.6502410173,,
ANNUITY_INCOME_PERC,0.6793252826,,
PREV_CNT_PAYMENT_MEAN,0.6959447861,,
INSTALL_AMT_PAYMENT_SUM,0.7104869485,,
DAYS_REGISTRATION,0.7291839719,,
DAYS_ID_PUBLISH,0.741648674,,
ACTIVE_DAYS_CREDIT_MAX,0.7478809953,,
DAYS_EMPLOYED_PERC,0.7520359159,,
DAYS_LAST_PHONE_CHANGE,0.7603456974,,
APPROVED_CNT_PAYMENT_MEAN,0.768655479,,* approved prev application term mean
INSTALL_DAYS_ENTRY_PAYMENT_MAX,0.8268240094,,* max date when last installment was made
INSTALL_DPD_800_MEAN,0.9514707923,,* avg late payments in last 2 years
AMT_ANNUITY,0.9867873788,,
DAYS_EMPLOYED,1.2921721935,,
EXT_SOURCE_1,1.7907595634,,
PAYMENT_RATE,1.8863221407,,
EXT_SOURCE_3,2.077447176,,
EXT_SOURCE_2,2.224946022,,
,,,
*current stress on the client – toal number of active loans – total annutiy etc,,,
*behavior of payment in recent times,,,
