PREV_NAME_CASH_LOAN_PURPOSE_Wedding / gift / holiday_SUM,0.0
BURO_CREDIT_TYPE_Interbank credit_SUM,0.0
BURO_CREDIT_TYPE_Interbank credit_MEAN,0.0
PREV_NAME_GOODS_CATEGORY_Medicine_MEAN,0.0
PREV_NAME_GOODS_CATEGORY_Medicine_SUM,0.0
PREV_NAME_GOODS_CATEGORY_Office Appliances_MEAN,0.0
PREV_NAME_GOODS_CATEGORY_Office Appliances_SUM,0.0
BURO_CREDIT_TYPE_Cash loan (non-earmarked)_SUM,0.0
BURO_CREDIT_TYPE_Cash loan (non-earmarked)_MEAN,0.0
BURO_CREDIT_TYPE_Another type of loan_SUM,0.0
BURO_CREDIT_TYPE_Loan for purchase of shares (margin lending)_MEAN,0.0
BURO_CREDIT_TYPE_Another type of loan_MEAN,0.0
BURO_CREDIT_CURRENCY_currency 4_MEAN,0.0
BURO_CREDIT_CURRENCY_currency 3_SUM,0.0
BURO_CREDIT_CURRENCY_currency 3_MEAN,0.0
BURO_CREDIT_CURRENCY_currency 2_SUM,0.0
BURO_CREDIT_CURRENCY_currency 2_MEAN,0.0
PREV_NAME_GOODS_CATEGORY_Other_SUM,0.0
BURO_CREDIT_CURRENCY_currency 1_MEAN,0.0
PREV_NAME_GOODS_CATEGORY_Tourism_MEAN,0.0
BURO_CREDIT_ACTIVE_Bad debt_SUM,0.0
BURO_CREDIT_CURRENCY_currency 4_SUM,0.0
BURO_CREDIT_ACTIVE_Bad debt_MEAN,0.0
BURO_CREDIT_TYPE_Loan for purchase of shares (margin lending)_SUM,0.0
BURO_CREDIT_TYPE_Loan for the purchase of equipment_SUM,0.0
ACTIVE_DAYS_ENDDATE_FACT_MAX,0.0
ACTIVE_DAYS_ENDDATE_FACT_MIN,0.0
ACTIVE_DAYS_ENDDATE_FACT_SUM,0.0
PREV_NAME_GOODS_CATEGORY_Gardening_SUM,0.0
PREV_NAME_GOODS_CATEGORY_Homewares_SUM,0.0
PREV_NAME_GOODS_CATEGORY_House Construction_MEAN,0.0
PREV_NAME_GOODS_CATEGORY_House Construction_SUM,0.0
PREV_NAME_GOODS_CATEGORY_Insurance_MEAN,0.0
PREV_NAME_GOODS_CATEGORY_Insurance_SUM,0.0
BURO_CREDIT_TYPE_Loan for the purchase of equipment_MEAN,0.0
BURO_CREDIT_TYPE_Unknown type of loan_SUM,0.0
BURO_CREDIT_TYPE_Real estate loan_SUM,0.0
BURO_CREDIT_TYPE_Real estate loan_MEAN,0.0
PREV_NAME_GOODS_CATEGORY_Jewelry_SUM,0.0
BURO_CREDIT_TYPE_Mobile operator loan_SUM,0.0
BURO_CREDIT_TYPE_Mobile operator loan_MEAN,0.0
PREV_NAME_GOODS_CATEGORY_Medical Supplies_MEAN,0.0
PREV_NAME_GOODS_CATEGORY_Medical Supplies_SUM,0.0
BURO_CREDIT_TYPE_Loan for working capital replenishment_SUM,0.0
BURO_CREDIT_TYPE_Loan for working capital replenishment_MEAN,0.0
BURO_CREDIT_TYPE_Unknown type of loan_MEAN,0.0
PREV_NAME_GOODS_CATEGORY_Fitness_SUM,0.0
PREV_NAME_GOODS_CATEGORY_Tourism_SUM,0.0
PREV_NAME_GOODS_CATEGORY_Weapon_MEAN,0.0
WALLSMATERIAL_MODE_Block,0.0
ORGANIZATION_TYPE_XNA,0.0
ORGANIZATION_TYPE_University,0.0
ORGANIZATION_TYPE_Transport: type 4,0.0
PREV_NAME_SELLER_INDUSTRY_nan_SUM,0.0
ORGANIZATION_TYPE_Transport: type 1,0.0
ORGANIZATION_TYPE_Trade: type 6,0.0
ORGANIZATION_TYPE_Trade: type 5,0.0
ORGANIZATION_TYPE_Trade: type 4,0.0
WALLSMATERIAL_MODE_Mixed,0.0
ORGANIZATION_TYPE_Trade: type 1,0.0
PREV_NAME_YIELD_GROUP_nan_MEAN,0.0
PREV_NAME_YIELD_GROUP_nan_SUM,0.0
ORGANIZATION_TYPE_Restaurant,0.0
ORGANIZATION_TYPE_Religion,0.0
ORGANIZATION_TYPE_Realtor,0.0
ORGANIZATION_TYPE_Postal,0.0
ORGANIZATION_TYPE_Other,0.0
ORGANIZATION_TYPE_Mobile,0.0
PREV_PRODUCT_COMBINATION_Card X-Sell_SUM,0.0
ORGANIZATION_TYPE_Telecom,0.0
PREV_NAME_GOODS_CATEGORY_Vehicles_SUM,0.0
WALLSMATERIAL_MODE_Monolithic,0.0
PREV_NAME_SELLER_INDUSTRY_Tourism_SUM,0.0
PREV_NAME_GOODS_CATEGORY_Weapon_SUM,0.0
PREV_NAME_GOODS_CATEGORY_nan_MEAN,0.0
PREV_NAME_GOODS_CATEGORY_nan_SUM,0.0
PREV_NAME_PORTFOLIO_Cars_MEAN,0.0
PREV_NAME_PORTFOLIO_Cars_SUM,0.0
PREV_NAME_PORTFOLIO_nan_MEAN,0.0
PREV_NAME_PORTFOLIO_nan_SUM,0.0
PREV_NAME_PRODUCT_TYPE_nan_MEAN,0.0
PREV_NAME_PRODUCT_TYPE_nan_SUM,0.0
PREV_NAME_SELLER_INDUSTRY_nan_MEAN,0.0
PREV_CHANNEL_TYPE_Car dealer_MEAN,0.0
PREV_CHANNEL_TYPE_Channel of corporate sales_SUM,0.0
PREV_CHANNEL_TYPE_nan_MEAN,0.0
PREV_CHANNEL_TYPE_nan_SUM,0.0
PREV_NAME_SELLER_INDUSTRY_Jewelry_SUM,0.0
PREV_NAME_SELLER_INDUSTRY_MLM partners_MEAN,0.0
PREV_WEEKDAY_APPR_PROCESS_START_nan_SUM,0.0
PREV_NAME_SELLER_INDUSTRY_MLM partners_SUM,0.0
PREV_NAME_SELLER_INDUSTRY_Tourism_MEAN,0.0
WALLSMATERIAL_MODE_Wooden,0.0
PREV_CHANNEL_TYPE_Car dealer_SUM,0.0
PREV_NAME_GOODS_CATEGORY_Fitness_MEAN,0.0
PREV_NAME_GOODS_CATEGORY_Education_SUM,0.0
PREV_NAME_GOODS_CATEGORY_Education_MEAN,0.0
PREV_NAME_CASH_LOAN_PURPOSE_Everyday expenses_SUM,0.0
PREV_NAME_CASH_LOAN_PURPOSE_Furniture_MEAN,0.0
PREV_NAME_CASH_LOAN_PURPOSE_Furniture_SUM,0.0
PREV_NAME_CASH_LOAN_PURPOSE_Gasification / water supply_MEAN,0.0
PREV_NAME_CASH_LOAN_PURPOSE_Gasification / water supply_SUM,0.0
PREV_NAME_CASH_LOAN_PURPOSE_Hobby_MEAN,0.0
PREV_NAME_CASH_LOAN_PURPOSE_Hobby_SUM,0.0
PREV_NAME_CASH_LOAN_PURPOSE_Journey_MEAN,0.0
PREV_NAME_CASH_LOAN_PURPOSE_Journey_SUM,0.0
PREV_NAME_CASH_LOAN_PURPOSE_Everyday expenses_MEAN,0.0
PREV_NAME_CASH_LOAN_PURPOSE_Medicine_SUM,0.0
PREV_NAME_CASH_LOAN_PURPOSE_Money for a third person_SUM,0.0
PREV_NAME_CASH_LOAN_PURPOSE_Other_SUM,0.0
PREV_NAME_CASH_LOAN_PURPOSE_Payments on other loans_MEAN,0.0
PREV_NAME_CASH_LOAN_PURPOSE_Payments on other loans_SUM,0.0
PREV_NAME_CASH_LOAN_PURPOSE_Purchase of electronic equipment_SUM,0.0
PREV_NAME_CASH_LOAN_PURPOSE_Refusal to name the goal_MEAN,0.0
PREV_NAME_CASH_LOAN_PURPOSE_Refusal to name the goal_SUM,0.0
PREV_NAME_CASH_LOAN_PURPOSE_Wedding / gift / holiday_MEAN,0.0
PREV_NAME_CASH_LOAN_PURPOSE_nan_MEAN,0.0
PREV_NAME_CASH_LOAN_PURPOSE_Money for a third person_MEAN,0.0
PREV_NAME_CASH_LOAN_PURPOSE_nan_SUM,0.0
PREV_NAME_CASH_LOAN_PURPOSE_Education_SUM,0.0
PREV_NAME_CASH_LOAN_PURPOSE_Car repairs_MEAN,0.0
PREV_FLAG_LAST_APPL_PER_CONTRACT_N_SUM,0.0
PREV_FLAG_LAST_APPL_PER_CONTRACT_Y_MEAN,0.0
PREV_FLAG_LAST_APPL_PER_CONTRACT_nan_MEAN,0.0
PREV_FLAG_LAST_APPL_PER_CONTRACT_nan_SUM,0.0
PREV_NAME_CASH_LOAN_PURPOSE_Building a house or an annex_MEAN,0.0
PREV_NAME_CASH_LOAN_PURPOSE_Building a house or an annex_SUM,0.0
PREV_NAME_CASH_LOAN_PURPOSE_Business development_MEAN,0.0
PREV_NAME_CASH_LOAN_PURPOSE_Business development_SUM,0.0
PREV_NAME_CASH_LOAN_PURPOSE_Buying a garage_MEAN,0.0
PREV_NAME_CASH_LOAN_PURPOSE_Car repairs_SUM,0.0
PREV_NAME_CASH_LOAN_PURPOSE_Buying a garage_SUM,0.0
PREV_NAME_CONTRACT_TYPE_nan_SUM,0.0
PREV_NAME_CONTRACT_TYPE_nan_MEAN,0.0
PREV_NAME_CONTRACT_TYPE_XNA_SUM,0.0
PREV_NAME_CONTRACT_TYPE_XNA_MEAN,0.0
PREV_NAME_CASH_LOAN_PURPOSE_Buying a holiday home / land_SUM,0.0
PREV_NAME_CASH_LOAN_PURPOSE_Buying a home_MEAN,0.0
PREV_NAME_CASH_LOAN_PURPOSE_Buying a home_SUM,0.0
PREV_NAME_CASH_LOAN_PURPOSE_Buying a new car_MEAN,0.0
PREV_NAME_CASH_LOAN_PURPOSE_Buying a new car_SUM,0.0
PREV_NAME_CASH_LOAN_PURPOSE_Buying a holiday home / land_MEAN,0.0
BURO_BB_MONTHS_BALANCE_SIZE_sum,0.0
BURO_BB_MONTHS_BALANCE_SIZE_mean,0.0
PREV_NAME_CONTRACT_STATUS_nan_MEAN,0.0
CLOSED_AMT_CREDIT_SUM_OVERDUE_MEAN,0.0
CLOSED_AMT_CREDIT_SUM_OVERDUE_SUM,0.0
PREV_CODE_REJECT_REASON_XNA_MEAN,0.0
PREV_CODE_REJECT_REASON_XNA_SUM,0.0
PREV_CODE_REJECT_REASON_nan_MEAN,0.0
PREV_CODE_REJECT_REASON_nan_SUM,0.0
PREV_NAME_TYPE_SUITE_Other_A_SUM,0.0
PREV_NAME_TYPE_SUITE_Other_B_SUM,0.0
PREV_NAME_CLIENT_TYPE_XNA_SUM,0.0
PREV_CODE_REJECT_REASON_SYSTEM_SUM,0.0
PREV_NAME_CLIENT_TYPE_nan_MEAN,0.0
CLOSED_CREDIT_DAY_OVERDUE_MAX,0.0
PREV_NAME_CLIENT_TYPE_nan_SUM,0.0
PREV_NAME_GOODS_CATEGORY_Additional Service_MEAN,0.0
PREV_NAME_GOODS_CATEGORY_Additional Service_SUM,0.0
PREV_NAME_GOODS_CATEGORY_Animals_MEAN,0.0
PREV_NAME_GOODS_CATEGORY_Animals_SUM,0.0
PREV_NAME_GOODS_CATEGORY_Clothing and Accessories_SUM,0.0
PREV_NAME_GOODS_CATEGORY_Direct Sales_MEAN,0.0
PREV_NAME_GOODS_CATEGORY_Direct Sales_SUM,0.0
CLOSED_CREDIT_DAY_OVERDUE_MEAN,0.0
PREV_CODE_REJECT_REASON_SYSTEM_MEAN,0.0
PREV_CODE_REJECT_REASON_CLIENT_SUM,0.0
PREV_NAME_PAYMENT_TYPE_nan_SUM,0.0
BURO_BB_STATUS_X_COUNT_sum,0.0
BURO_BB_STATUS_X_COUNT_mean,0.0
PREV_NAME_CONTRACT_STATUS_nan_SUM,0.0
PREV_NAME_PAYMENT_TYPE_Cashless from the account of the employer_MEAN,0.0
BURO_BB_STATUS_C_COUNT_sum,0.0
BURO_BB_STATUS_C_COUNT_mean,0.0
PREV_NAME_PAYMENT_TYPE_Cashless from the account of the employer_SUM,0.0
BURO_BB_STATUS_5_COUNT_sum,0.0
BURO_BB_STATUS_5_COUNT_mean,0.0
BURO_BB_STATUS_5_MEAN_sum,0.0
BURO_BB_STATUS_5_MEAN_mean,0.0
BURO_BB_STATUS_4_COUNT_sum,0.0
BURO_BB_STATUS_4_COUNT_mean,0.0
BURO_BB_STATUS_4_MEAN_sum,0.0
BURO_BB_STATUS_4_MEAN_mean,0.0
BURO_BB_STATUS_3_COUNT_sum,0.0
BURO_BB_STATUS_3_COUNT_mean,0.0
BURO_BB_STATUS_3_MEAN_sum,0.0
BURO_BB_STATUS_3_MEAN_mean,0.0
BURO_BB_STATUS_2_COUNT_sum,0.0
PREV_NAME_PAYMENT_TYPE_nan_MEAN,0.0
ORGANIZATION_TYPE_Legal Services,0.0
ORGANIZATION_TYPE_Insurance,0.0
PREV_WEEKDAY_APPR_PROCESS_START_nan_MEAN,0.0
POS_NAME_CONTRACT_STATUS_nan_SUM,0.0
POS_NAME_CONTRACT_STATUS_Demand_SUM,0.0
CC_NAME_CONTRACT_STATUS_Signed_VAR,0.0
POS_NAME_CONTRACT_STATUS_XNA_MEAN,0.0
POS_NAME_CONTRACT_STATUS_XNA_SUM,0.0
POS_NAME_CONTRACT_STATUS_nan_MEAN,0.0
ORGANIZATION_TYPE_Industry: type 8,0.0
CC_MONTHS_BALANCE_MAX,0.0
POS_NAME_CONTRACT_STATUS_Demand_MEAN,0.0
CC_AMT_DRAWINGS_ATM_CURRENT_MIN,0.0
CC_AMT_DRAWINGS_OTHER_CURRENT_MIN,0.0
CC_AMT_INST_MIN_REGULARITY_MIN,0.0
REG_REGION_NOT_LIVE_REGION,0.0
AMT_REQ_CREDIT_BUREAU_HOUR,0.0
CC_NAME_CONTRACT_STATUS_nan_VAR,0.0
CC_CNT_DRAWINGS_ATM_CURRENT_MIN,0.0
CC_CNT_DRAWINGS_OTHER_CURRENT_MIN,0.0
CC_AMT_DRAWINGS_CURRENT_MIN,0.0
POS_NAME_CONTRACT_STATUS_Canceled_SUM,0.0
POS_NAME_CONTRACT_STATUS_Canceled_MEAN,0.0
EMERGENCYSTATE_MODE_No,0.0
NAME_INCOME_TYPE_Pensioner,0.0
NAME_INCOME_TYPE_Maternity leave,0.0
NAME_INCOME_TYPE_Businessman,0.0
PREV_PRODUCT_COMBINATION_nan_MEAN,0.0
PREV_PRODUCT_COMBINATION_nan_SUM,0.0
APPROVED_SK_ID_PREV_COUNT,0.0
NAME_HOUSING_TYPE_Co-op apartment,0.0
NAME_FAMILY_STATUS_Unknown,0.0
POS_NAME_CONTRACT_STATUS_Amortized debt_MEAN,0.0
POS_NAME_CONTRACT_STATUS_Amortized debt_SUM,0.0
NAME_EDUCATION_TYPE_Academic degree,0.0
NAME_CONTRACT_TYPE_Revolving loans,0.0
HOUSETYPE_MODE_terraced house,0.0
POS_NAME_CONTRACT_STATUS_Approved_SUM,0.0
HOUSETYPE_MODE_block of flats,0.0
FONDKAPREMONT_MODE_not specified,0.0
EMERGENCYSTATE_MODE_Yes,0.0
CC_CNT_DRAWINGS_OTHER_CURRENT_MAX,0.0
PREV_PRODUCT_COMBINATION_POS others without interest_SUM,0.0
CC_CNT_DRAWINGS_OTHER_CURRENT_SUM,0.0
CC_SK_DPD_MIN,0.0
CC_NAME_CONTRACT_STATUS_Demand_VAR,0.0
CC_NAME_CONTRACT_STATUS_Refused_MIN,0.0
CC_NAME_CONTRACT_STATUS_Refused_MAX,0.0
CC_NAME_CONTRACT_STATUS_Refused_MEAN,0.0
CC_NAME_CONTRACT_STATUS_Refused_SUM,0.0
CC_NAME_CONTRACT_STATUS_Refused_VAR,0.0
CC_NAME_CONTRACT_STATUS_Sent proposal_MIN,0.0
CC_NAME_CONTRACT_STATUS_nan_MAX,0.0
DAYS_BIRTH,0.0
CC_NAME_CONTRACT_STATUS_Sent proposal_MEAN,0.0
CC_NAME_CONTRACT_STATUS_Sent proposal_SUM,0.0
CC_NAME_CONTRACT_STATUS_Sent proposal_VAR,0.0
CC_NAME_CONTRACT_STATUS_Signed_MIN,0.0
CC_NAME_CONTRACT_STATUS_Signed_MAX,0.0
CC_NAME_CONTRACT_STATUS_Signed_MEAN,0.0
CC_NAME_CONTRACT_STATUS_Signed_SUM,0.0
CC_NAME_CONTRACT_STATUS_Sent proposal_MAX,0.0
CC_NAME_CONTRACT_STATUS_Demand_SUM,0.0
CC_NAME_CONTRACT_STATUS_Demand_MEAN,0.0
CC_NAME_CONTRACT_STATUS_Demand_MAX,0.0
CC_SK_DPD_DEF_MIN,0.0
CC_SK_DPD_DEF_MAX,0.0
CC_NAME_CONTRACT_STATUS_Active_MIN,0.0
CC_NAME_CONTRACT_STATUS_Active_MAX,0.0
CC_NAME_CONTRACT_STATUS_Approved_MIN,0.0
CC_NAME_CONTRACT_STATUS_Approved_MAX,0.0
CC_NAME_CONTRACT_STATUS_Approved_MEAN,0.0
CC_NAME_CONTRACT_STATUS_Approved_SUM,0.0
CC_NAME_CONTRACT_STATUS_Approved_VAR,0.0
CC_NAME_CONTRACT_STATUS_Completed_MIN,0.0
CC_NAME_CONTRACT_STATUS_nan_SUM,0.0
FLAG_MOBIL,0.0
FLAG_EMP_PHONE,0.0
CC_NAME_CONTRACT_STATUS_Completed_MAX,0.0
FLAG_CONT_MOBILE,0.0
CC_NAME_CONTRACT_STATUS_Demand_MIN,0.0
CC_NAME_CONTRACT_STATUS_nan_MEAN,0.0
CC_CNT_INSTALMENT_MATURE_CUM_MIN,0.0
NAME_INCOME_TYPE_Student,0.0
CC_NAME_CONTRACT_STATUS_nan_MIN,0.0
ORGANIZATION_TYPE_Emergency,0.0
OCCUPATION_TYPE_Low-skill Laborers,0.0
ORGANIZATION_TYPE_Electricity,0.0
ORGANIZATION_TYPE_Culture,0.0
CC_OVER_PAYMENT_SLOPE,0.0
ORGANIZATION_TYPE_Cleaning,0.0
PREV_PRODUCT_COMBINATION_POS other with interest_SUM,0.0
OCCUPATION_TYPE_Cleaning staff,0.0
ORGANIZATION_TYPE_Business Entity Type 2,0.0
ORGANIZATION_TYPE_Business Entity Type 1,0.0
ORGANIZATION_TYPE_Agriculture,0.0
OCCUPATION_TYPE_HR staff,0.0
ORGANIZATION_TYPE_Advertising,0.0
OCCUPATION_TYPE_Waiters/barmen staff,0.0
OCCUPATION_TYPE_Secretaries,0.0
OCCUPATION_TYPE_IT staff,0.0
ORGANIZATION_TYPE_Government,0.0
ORGANIZATION_TYPE_Hotel,0.0
OCCUPATION_TYPE_Realty agents,0.0
NAME_TYPE_SUITE_Group of people,0.0
NAME_TYPE_SUITE_Children,0.0
ORGANIZATION_TYPE_Industry: type 5,0.0
ORGANIZATION_TYPE_Industry: type 4,0.0
ORGANIZATION_TYPE_Industry: type 3,0.0
OCCUPATION_TYPE_Private service staff,0.0
NAME_INCOME_TYPE_Unemployed,0.0
ORGANIZATION_TYPE_Industry: type 2,0.0
ORGANIZATION_TYPE_Industry: type 6,0.0
ORGANIZATION_TYPE_Industry: type 7,0.0
NAME_TYPE_SUITE_Other_A,0.0
ORGANIZATION_TYPE_Industry: type 13,0.0
ORGANIZATION_TYPE_Industry: type 12,0.0
ORGANIZATION_TYPE_Industry: type 11,0.0
ORGANIZATION_TYPE_Industry: type 10,0.0
ORGANIZATION_TYPE_Industry: type 1,0.0
BURO_BB_STATUS_2_COUNT_mean,0.0018799466779455543
PREV_NAME_GOODS_CATEGORY_Sport and Leisure_SUM,0.0018799466779455543
CLOSED_AMT_CREDIT_SUM_LIMIT_SUM,0.0018799466779455543
PREV_CODE_REJECT_REASON_CLIENT_MEAN,0.0018799466779455543
CC_AMT_DRAWINGS_OTHER_CURRENT_SUM,0.0018799466779455543
PREV_CODE_REJECT_REASON_VERIF_SUM,0.0018799466779455543
CC_CNT_DRAWINGS_CURRENT_MIN,0.0018799466779455543
PREV_NAME_GOODS_CATEGORY_Photo / Cinema Equipment_SUM,0.0018799466779455543
PREV_NAME_CONTRACT_STATUS_Unused offer_SUM,0.0018799466779455543
OCCUPATION_TYPE_Security staff,0.0018799466779455543
CC_SK_DPD_MAX,0.0018799466779455543
PREV_NAME_PAYMENT_TYPE_Non-cash from your account_MEAN,0.0018799466779455543
BURO_BB_MONTHS_BALANCE_MAX_max,0.0018799466779455543
PREV_NAME_GOODS_CATEGORY_Auto Accessories_MEAN,0.0018799466779455543
ORGANIZATION_TYPE_Trade: type 3,0.0018799466779455543
ORGANIZATION_TYPE_Services,0.0018799466779455543
PREV_NAME_CASH_LOAN_PURPOSE_Buying a used car_SUM,0.0018799466779455543
CC_CNT_DRAWINGS_POS_CURRENT_MIN,0.0018799466779455543
PREV_NAME_GOODS_CATEGORY_Construction Materials_SUM,0.0018799466779455543
POS_NAME_CONTRACT_STATUS_Returned to the store_SUM,0.0018799466779455543
PREV_NAME_GOODS_CATEGORY_Homewares_MEAN,0.0018799466779455543
FONDKAPREMONT_MODE_org spec account,0.0018799466779455543
PREV_PRODUCT_COMBINATION_POS household without interest_SUM,0.0018799466779455543
ACTIVE_CREDIT_DAY_OVERDUE_MEAN,0.0018799466779455543
REFUSED_SK_ID_PREV_COUNT,0.0018799466779455543
"NAME_TYPE_SUITE_Spouse, partner",0.0018799466779455543
PREV_NAME_GOODS_CATEGORY_Other_MEAN,0.0018799466779455543
PREV_NAME_GOODS_CATEGORY_Vehicles_MEAN,0.0018799466779455543
PREV_NAME_SELLER_INDUSTRY_Clothing_SUM,0.0018799466779455543
PREV_PRODUCT_COMBINATION_POS mobile without interest_SUM,0.0018799466779455543
PREV_PRODUCT_COMBINATION_POS others without interest_MEAN,0.0018799466779455543
CC_AMT_TOTAL_RECEIVABLE_SUM,0.0037598933558911085
ORGANIZATION_TYPE_Housing,0.0037598933558911085
PREV_NAME_GOODS_CATEGORY_Gardening_MEAN,0.0037598933558911085
BURO_CREDIT_ACTIVE_Sold_SUM,0.0037598933558911085
CC_AMT_TOTAL_RECEIVABLE_MEAN,0.0037598933558911085
PREV_NAME_TYPE_SUITE_Children_SUM,0.0037598933558911085
PREV_NAME_TYPE_SUITE_Group of people_MEAN,0.0037598933558911085
NAME_FAMILY_STATUS_Single / not married,0.0037598933558911085
BURO_BB_STATUS_1_COUNT_mean,0.0037598933558911085
PREV_NAME_PAYMENT_TYPE_Non-cash from your account_SUM,0.0037598933558911085
ACTIVE_CREDIT_DAY_OVERDUE_MAX,0.0037598933558911085
AMT_REQ_CREDIT_BUREAU_DAY,0.0037598933558911085
ORGANIZATION_TYPE_Trade: type 7,0.0037598933558911085
BURO_CREDIT_TYPE_Loan for business development_SUM,0.0037598933558911085
PREV_NAME_CASH_LOAN_PURPOSE_Education_MEAN,0.0037598933558911085
NAME_HOUSING_TYPE_Rented apartment,0.0037598933558911085
CC_MONTHS_BALANCE_MIN,0.0037598933558911085
PREV_NAME_SELLER_INDUSTRY_Furniture_SUM,0.0037598933558911085
ORGANIZATION_TYPE_Transport: type 2,0.0037598933558911085
NAME_HOUSING_TYPE_With parents,0.0037598933558911085
ACTIVE_CNT_CREDIT_PROLONG_SUM,0.0037598933558911085
FONDKAPREMONT_MODE_reg oper account,0.0037598933558911085
WALLSMATERIAL_MODE_Others,0.0037598933558911085
OCCUPATION_TYPE_Cooking staff,0.0037598933558911085
PREV_CODE_REJECT_REASON_SCOFR_SUM,0.005639839917421341
LIVE_REGION_NOT_WORK_REGION,0.005639839917421341
PREV_CODE_REJECT_REASON_VERIF_MEAN,0.005639839917421341
NAME_TYPE_SUITE_Family,0.005639839917421341
CC_AMT_DRAWINGS_OTHER_CURRENT_MEAN,0.005639839917421341
PREV_NAME_SELLER_INDUSTRY_Construction_SUM,0.005639839917421341
PREV_NAME_SELLER_INDUSTRY_Auto technology_SUM,0.005639839917421341
PREV_NAME_SELLER_INDUSTRY_Industry_SUM,0.005639839917421341
CLOSED_CNT_CREDIT_PROLONG_SUM,0.005639839917421341
CC_AMT_PAYMENT_TOTAL_CURRENT_MIN,0.007519786711782217
REG_REGION_NOT_WORK_REGION,0.007519786711782217
CC_COUNT,0.007519786711782217
NAME_TYPE_SUITE_Other_B,0.007519786711782217
PREV_NAME_CASH_LOAN_PURPOSE_Buying a used car_MEAN,0.007519786711782217
WEEKDAY_APPR_PROCESS_START_THURSDAY,0.007519786711782217
CC_SK_DPD_DEF_SUM,0.007519786711782217
PREV_NAME_TYPE_SUITE_Group of people_SUM,0.007519786711782217
PREV_CODE_REJECT_REASON_SCO_SUM,0.007519786711782217
PREV_PRODUCT_COMBINATION_Cash X-Sell: low_SUM,0.007519786711782217
ORGANIZATION_TYPE_Security,0.007519786711782217
CC_NAME_CONTRACT_STATUS_Active_MEAN,0.007519786711782217
OCCUPATION_TYPE_Managers,0.007519786711782217
CC_SK_DPD_DEF_VAR,0.009399733506143093
BURO_CREDIT_TYPE_Mortgage_SUM,0.009399733506143093
ORGANIZATION_TYPE_Kindergarten,0.009399733506143093
NAME_INCOME_TYPE_Commercial associate,0.009399733506143093
PREV_NAME_CASH_LOAN_PURPOSE_Urgent needs_SUM,0.009399733506143093
NAME_FAMILY_STATUS_Widow,0.009399733506143093
FLAG_EMAIL,0.009399733506143093
PREV_NAME_CASH_LOAN_PURPOSE_Other_MEAN,0.009399733506143093
WEEKDAY_APPR_PROCESS_START_SUNDAY,0.009399733506143093
BURO_CREDIT_TYPE_Car loan_SUM,0.009399733506143093
BURO_CREDIT_DAY_OVERDUE_MEAN,0.009399733506143093
CC_AMT_TOTAL_RECEIVABLE_VAR,0.009399733506143093
PREV_NAME_YIELD_GROUP_low_action_SUM,0.009399733506143093
PREV_NAME_GOODS_CATEGORY_Furniture_SUM,0.009399733506143093
POS_NAME_CONTRACT_STATUS_Signed_SUM,0.009399733506143093
CC_AMT_RECIVABLE_MAX,0.009399733506143093
ORGANIZATION_TYPE_Police,0.011279679834842682
REFUSED_AMT_GOODS_PRICE_MAX,0.011279679834842682
FLAG_OWN_REALTY,0.011279679834842682
ORGANIZATION_TYPE_Medicine,0.011279679834842682
NAME_TYPE_SUITE_Unaccompanied,0.011279679834842682
BURO_CNT_CREDIT_PROLONG_SUM,0.011279679834842682
ORGANIZATION_TYPE_Bank,0.011279679834842682
BURO_CREDIT_DAY_OVERDUE_MAX,0.011279679834842682
PREV_CHANNEL_TYPE_Contact center_SUM,0.011279679834842682
PREV_NAME_SELLER_INDUSTRY_Jewelry_MEAN,0.011279679834842682
LIVE_CITY_NOT_WORK_CITY,0.011279679834842682
CC_AMT_PAYMENT_CURRENT_MAX,0.011279679834842682
OCCUPATION_TYPE_Sales staff,0.011279679834842682
CC_AMT_TOTAL_RECEIVABLE_MAX,0.01315962616354227
CC_AMT_TOTAL_RECEIVABLE_MIN,0.01315962616354227
ORGANIZATION_TYPE_Security Ministries,0.01315962616354227
PREV_NAME_TYPE_SUITE_Other_A_MEAN,0.01315962616354227
PREV_NAME_CLIENT_TYPE_XNA_MEAN,0.01315962616354227
APPROVED_AMT_GOODS_PRICE_MAX,0.01315962616354227
OCCUPATION_TYPE_Medicine staff,0.01315962616354227
ACTIVE_AMT_CREDIT_SUM_OVERDUE_MEAN,0.01315962616354227
PREV_NAME_GOODS_CATEGORY_Auto Accessories_SUM,0.01315962616354227
PREV_NAME_GOODS_CATEGORY_Clothing and Accessories_MEAN,0.01315962616354227
CC_AMT_RECEIVABLE_PRINCIPAL_SUM,0.01315962616354227
BURO_BB_STATUS_1_COUNT_sum,0.01315962616354227
PREV_CODE_REJECT_REASON_LIMIT_SUM,0.01315962616354227
PREV_PRODUCT_COMBINATION_POS industry without interest_SUM,0.01315962616354227
PREV_NAME_PORTFOLIO_Cards_SUM,0.01315962616354227
FONDKAPREMONT_MODE_reg oper spec account,0.01315962616354227
PREV_NAME_SELLER_INDUSTRY_Industry_MEAN,0.01315962616354227
REFUSED_AMT_DOWN_PAYMENT_MEAN,0.015039573423564434
CC_AMT_BALANCE_MAX,0.015039573423564434
PREV_NAME_GOODS_CATEGORY_Computers_SUM,0.015039573423564434
PREV_NAME_GOODS_CATEGORY_Audio/Video_SUM,0.015039573423564434
CC_NAME_CONTRACT_STATUS_Completed_MEAN,0.015039573423564434
CC_CNT_DRAWINGS_OTHER_CURRENT_VAR,0.015039573423564434
CC_OVER_PAYMENT_MEAN,0.015039573423564434
PREV_NAME_CASH_LOAN_PURPOSE_Purchase of electronic equipment_MEAN,0.015039573423564434
REG_CITY_NOT_WORK_CITY,0.015039573423564434
WEEKDAY_APPR_PROCESS_START_WEDNESDAY,0.015039573423564434
CC_NAME_CONTRACT_STATUS_Completed_VAR,0.016919519752264023
CC_SK_DPD_VAR,0.016919519752264023
PREV_FLAG_LAST_APPL_PER_CONTRACT_Y_SUM,0.016919519752264023
POS_NAME_CONTRACT_STATUS_Approved_MEAN,0.016919519752264023
WEEKDAY_APPR_PROCESS_START_TUESDAY,0.016919519752264023
NAME_EDUCATION_TYPE_Incomplete higher,0.016919519752264023
PREV_PRODUCT_COMBINATION_POS mobile with interest_SUM,0.016919519752264023
BURO_CREDIT_TYPE_Loan for business development_MEAN,0.016919519752264023
CC_OVER_PAYMENT_MAX,0.016919519752264023
NONLIVINGAPARTMENTS_MEDI,0.016919519752264023
CC_NAME_CONTRACT_STATUS_Completed_SUM,0.016919519752264023
AMT_REQ_CREDIT_BUREAU_WEEK,0.018799467012286186
WEEKDAY_APPR_PROCESS_START_SATURDAY,0.018799467012286186
PREV_AMT_GOODS_PRICE_MAX,0.018799467012286186
PREV_NAME_CASH_LOAN_PURPOSE_Repairs_SUM,0.018799467012286186
PREV_SK_ID_PREV_COUNT,0.018799467012286186
PREV_CODE_REJECT_REASON_XAP_SUM,0.018799467012286186
CC_AMT_RECIVABLE_SUM,0.018799467012286186
"PREV_NAME_TYPE_SUITE_Spouse, partner_SUM",0.018799467012286186
CC_AMT_DRAWINGS_OTHER_CURRENT_VAR,0.018799467012286186
PREV_PRODUCT_COMBINATION_Cash Street: middle_SUM,0.018799467012286186
ELEVATORS_MEDI,0.018799467012286186
PREV_CODE_REJECT_REASON_HC_SUM,0.0206794124096632
CC_AMT_DRAWINGS_OTHER_CURRENT_MAX,0.0206794124096632
CC_MONTHS_BALANCE_MEAN,0.0206794124096632
PREV_PRODUCT_COMBINATION_Cash_SUM,0.0206794124096632
PREV_NAME_CONTRACT_STATUS_Approved_SUM,0.0206794124096632
ELEVATORS_MODE,0.0206794124096632
FLAG_OWN_CAR,0.0206794124096632
HOUSETYPE_MODE_specific housing,0.0206794124096632
NAME_EDUCATION_TYPE_Lower secondary,0.0206794124096632
PREV_NAME_CONTRACT_TYPE_Revolving loans_SUM,0.0206794124096632
REGION_RATING_CLIENT,0.022559359669685364
PREV_NAME_GOODS_CATEGORY_Consumer Electronics_SUM,0.022559359669685364
FLOORSMAX_MODE,0.022559359669685364
PREV_NAME_SELLER_INDUSTRY_Construction_MEAN,0.022559359669685364
ORGANIZATION_TYPE_Trade: type 2,0.022559359669685364
PREV_PRODUCT_COMBINATION_Cash Street: low_SUM,0.022559359669685364
PREV_PRODUCT_COMBINATION_POS industry with interest_SUM,0.022559359669685364
CLOSED_AMT_CREDIT_SUM_LIMIT_MEAN,0.022559359669685364
CC_AMT_CREDIT_LIMIT_ACTUAL_MAX,0.022559359669685364
NAME_HOUSING_TYPE_Municipal apartment,0.022559359669685364
NAME_FAMILY_STATUS_Separated,0.022559359669685364
REFUSED_AMT_DOWN_PAYMENT_MAX,0.022559359669685364
FLOORSMIN_MODE,0.024439306929707527
NONLIVINGAPARTMENTS_MODE,0.024439306929707527
NAME_CONTRACT_TYPE_Cash loans,0.024439306929707527
FLOORSMAX_MEDI,0.024439306929707527
PREV_NAME_CASH_LOAN_PURPOSE_Medicine_MEAN,0.024439306929707527
CC_AMT_BALANCE_MIN,0.024439306929707527
CLOSED_AMT_CREDIT_SUM_DEBT_MEAN,0.024439306929707527
PREV_PRODUCT_COMBINATION_Cash X-Sell: middle_SUM,0.024439306929707527
CC_SK_DPD_MEAN,0.024439306929707527
FLAG_PHONE,0.02631925232708454
CC_AMT_BALANCE_SUM,0.02631925232708454
PREV_NAME_TYPE_SUITE_Family_SUM,0.02631925232708454
CC_SK_DPD_DEF_MEAN,0.02631925232708454
CC_CNT_INSTALMENT_MATURE_CUM_MAX,0.02631925232708454
PREV_PRODUCT_COMBINATION_POS mobile without interest_MEAN,0.02631925232708454
NONLIVINGAPARTMENTS_AVG,0.02631925232708454
PREV_NAME_SELLER_INDUSTRY_Clothing_MEAN,0.02631925232708454
CLOSED_AMT_CREDIT_SUM_DEBT_SUM,0.02631925232708454
WEEKDAY_APPR_PROCESS_START_MONDAY,0.02631925232708454
WEEKDAY_APPR_PROCESS_START_FRIDAY,0.02631925232708454
CC_AMT_RECEIVABLE_PRINCIPAL_MAX,0.02631925232708454
PREV_NAME_GOODS_CATEGORY_Jewelry_MEAN,0.02631925232708454
PREV_CHANNEL_TYPE_Regional / Local_SUM,0.028199199587106705
CC_CNT_DRAWINGS_ATM_CURRENT_MAX,0.028199199587106705
CC_MONTHS_BALANCE_SUM,0.028199199587106705
PREV_PRODUCT_COMBINATION_Cash X-Sell: high_SUM,0.028199199587106705
NAME_HOUSING_TYPE_Office apartment,0.028199199587106705
PREV_PRODUCT_COMBINATION_POS other with interest_MEAN,0.028199199587106705
AMT_REQ_CREDIT_BUREAU_MON,0.028199199587106705
CC_SK_DPD_SUM,0.030079146847128868
FLOORSMIN_AVG,0.030079146847128868
REFUSED_AMT_DOWN_PAYMENT_MIN,0.030079146847128868
OCCUPATION_TYPE_High skill tech staff,0.030079146847128868
CC_INTEREST_MEAN,0.030079146847128868
CNT_FAM_MEMBERS,0.030079146847128868
CC_AMT_INST_MIN_REGULARITY_MAX,0.030079146847128868
PREV_NAME_CLIENT_TYPE_New_SUM,0.03195909410715103
PREV_PRODUCT_COMBINATION_Cash Street: high_SUM,0.03195909410715103
CLOSED_AMT_CREDIT_SUM_DEBT_MAX,0.03195909410715103
FLOORSMIN_MEDI,0.03195909410715103
WALLSMATERIAL_MODE_Panel,0.03195909410715103
PREV_NAME_PORTFOLIO_XNA_SUM,0.033839039504528046
PREV_NAME_CASH_LOAN_PURPOSE_Urgent needs_MEAN,0.033839039504528046
CC_AMT_INST_MIN_REGULARITY_SUM,0.033839039504528046
POS_SK_DPD_6_months_MAX,0.033839039504528046
CC_AMT_PAYMENT_TOTAL_CURRENT_MAX,0.033839039504528046
CC_AMT_BALANCE_MEAN,0.03571898490190506
BURO_BB_STATUS_2_MEAN_sum,0.03571898490190506
PREV_NAME_PRODUCT_TYPE_XNA_SUM,0.03571898490190506
PREV_CHANNEL_TYPE_AP+ (Cash loan)_SUM,0.03571898490190506
CC_AMT_RECIVABLE_MEAN,0.03571898490190506
POS_SK_DPD_DEF_6_months_MEAN,0.03571898490190506
BURO_AMT_CREDIT_SUM_OVERDUE_SUM,0.03571898490190506
PREV_PRODUCT_COMBINATION_POS household without interest_MEAN,0.03571898490190506
PREV_PRODUCT_COMBINATION_POS industry without interest_MEAN,0.03571898490190506
PREV_NAME_CONTRACT_STATUS_Canceled_SUM,0.03571898490190506
PREV_NAME_GOODS_CATEGORY_Mobile_SUM,0.03571898490190506
PREV_WEEKDAY_APPR_PROCESS_START_SUNDAY_SUM,0.03759893402457237
PREV_NAME_CLIENT_TYPE_Refreshed_SUM,0.03759893402457237
CHILDREN_RATIO,0.03759893402457237
BURO_AMT_CREDIT_SUM_OVERDUE_MEAN,0.03759893402457237
NAME_FAMILY_STATUS_Civil marriage,0.03759893402457237
PREV_PRODUCT_COMBINATION_Card Street_SUM,0.03759893402457237
CC_OVER_DRAFT_SUM,0.03759893402457237
CC_AMT_DRAWINGS_POS_CURRENT_VAR,0.03759893402457237
REFUSED_RATE_DOWN_PAYMENT_MIN,0.03759893402457237
CC_CNT_DRAWINGS_POS_CURRENT_SUM,0.03947887569665909
CC_CNT_DRAWINGS_OTHER_CURRENT_MEAN,0.03947887569665909
PREV_NAME_SELLER_INDUSTRY_Furniture_MEAN,0.03947887569665909
ORGANIZATION_TYPE_Industry: type 9,0.03947887569665909
REFUSED_AMT_APPLICATION_MAX,0.03947887569665909
CC_AMT_RECEIVABLE_PRINCIPAL_VAR,0.03947887569665909
CC_AMT_RECEIVABLE_PRINCIPAL_MIN,0.03947887569665909
ELEVATORS_AVG,0.03947887569665909
CC_CNT_INSTALMENT_MATURE_CUM_SUM,0.03947887569665909
CC_CNT_DRAWINGS_POS_CURRENT_MAX,0.03947887569665909
INSTALL_PAYMENT_PERC_MAX,0.03947887569665909
PREV_NAME_CASH_LOAN_PURPOSE_XAP_SUM,0.03947887569665909
PREV_NAME_CASH_LOAN_PURPOSE_Repairs_MEAN,0.03947887569665909
PREV_NAME_GOODS_CATEGORY_Furniture_MEAN,0.0413588248193264
PREV_FLAG_LAST_APPL_PER_CONTRACT_N_MEAN,0.0413588248193264
CC_AMT_PAYMENT_TOTAL_CURRENT_VAR,0.0413588248193264
PREV_NAME_PORTFOLIO_POS_SUM,0.0413588248193264
FLAG_DOCUMENT_3,0.0413588248193264
CC_NAME_CONTRACT_STATUS_Active_SUM,0.0413588248193264
PREV_NAME_SELLER_INDUSTRY_XNA_SUM,0.04323877394199371
PREV_NAME_GOODS_CATEGORY_XNA_SUM,0.04323877394199371
PREV_NAME_CONTRACT_STATUS_Unused offer_MEAN,0.04323877394199371
CC_CNT_DRAWINGS_CURRENT_SUM,0.04323877394199371
CC_AMT_INST_MIN_REGULARITY_MEAN,0.04323877394199371
REFUSED_RATE_DOWN_PAYMENT_MEAN,0.04323877394199371
POS_SK_DPD_DEF_6_months_MAX,0.04323877394199371
REFUSED_AMT_APPLICATION_MEAN,0.04323877394199371
PREV_NAME_GOODS_CATEGORY_Construction Materials_MEAN,0.04323877394199371
OCCUPATION_TYPE_Accountants,0.04323877394199371
NAME_HOUSING_TYPE_House / apartment,0.04323877394199371
BURO_CREDIT_TYPE_Microloan_SUM,0.04511871933937073
PREV_PRODUCT_COMBINATION_Cash Street: middle_MEAN,0.04511871933937073
BURO_CREDIT_ACTIVE_Sold_MEAN,0.04511871933937073
CC_OVER_DRAFT_MIN,0.04511871933937073
LIVINGAPARTMENTS_MODE,0.04511871933937073
REFUSED_HOUR_APPR_PROCESS_START_MAX,0.04511871933937073
CC_AMT_DRAWINGS_CURRENT_MAX,0.04699866473674774
PREV_NAME_CLIENT_TYPE_Repeater_SUM,0.04699866473674774
CC_INTEREST_MAX,0.04699866473674774
PREV_NAME_CONTRACT_STATUS_Refused_SUM,0.048878613859415054
ORGANIZATION_TYPE_School,0.048878613859415054
PREV_NAME_PORTFOLIO_Cash_SUM,0.048878613859415054
CC_CNT_DRAWINGS_ATM_CURRENT_SUM,0.048878613859415054
CC_AMT_RECIVABLE_VAR,0.048878613859415054
PREV_NAME_PRODUCT_TYPE_walk-in_SUM,0.05075855925679207
POS_NAME_CONTRACT_STATUS_Returned to the store_MEAN,0.05075855925679207
PREV_NAME_YIELD_GROUP_XNA_SUM,0.05075855925679207
NAME_INCOME_TYPE_State servant,0.05075855925679207
BURO_CREDIT_ACTIVE_Closed_SUM,0.05075855925679207
BURO_BB_STATUS_2_MEAN_mean,0.05263850465416908
POS_SK_DPD_MAX,0.05263850465416908
CC_AMT_RECEIVABLE_PRINCIPAL_MEAN,0.05263850465416908
PREV_NAME_SELLER_INDUSTRY_Auto technology_MEAN,0.054518453776836395
LIVINGAPARTMENTS_MEDI,0.054518453776836395
PREV_NAME_CONTRACT_TYPE_Consumer loans_SUM,0.054518453776836395
CC_INTEREST_SLOPE,0.054518453776836395
PREV_NAME_CONTRACT_TYPE_Cash loans_SUM,0.054518453776836395
CC_AMT_DRAWINGS_POS_CURRENT_MEAN,0.054518453776836395
PREV_WEEKDAY_APPR_PROCESS_START_FRIDAY_SUM,0.054518453776836395
FLOORSMAX_AVG,0.05639839917421341
CC_AMT_DRAWINGS_POS_CURRENT_MIN,0.05639839917421341
CC_AMT_PAYMENT_CURRENT_SUM,0.05639839917421341
PREV_CHANNEL_TYPE_Stone_SUM,0.05639839917421341
ENTRANCES_MODE,0.05639839917421341
POS_CNT_INSTALMENT_FUTURE_MIN,0.05639839917421341
CC_AMT_DRAWINGS_ATM_CURRENT_SUM,0.05639839917421341
PREV_NAME_PAYMENT_TYPE_Cash through the bank_SUM,0.05639839917421341
PREV_NAME_CASH_LOAN_PURPOSE_XNA_SUM,0.05639839917421341
PREV_NAME_GOODS_CATEGORY_Photo / Cinema Equipment_MEAN,0.058278340846300125
CC_AMT_DRAWINGS_ATM_CURRENT_MAX,0.058278340846300125
CC_AMT_DRAWINGS_POS_CURRENT_MAX,0.058278340846300125
PREV_NAME_SELLER_INDUSTRY_Connectivity_SUM,0.058278340846300125
LIVINGAPARTMENTS_AVG,0.058278340846300125
PREV_WEEKDAY_APPR_PROCESS_START_THURSDAY_SUM,0.060158293694257736
CC_CNT_INSTALMENT_MATURE_CUM_MEAN,0.060158293694257736
REFUSED_RATE_DOWN_PAYMENT_MAX,0.060158293694257736
CC_AMT_DRAWINGS_CURRENT_VAR,0.060158293694257736
PREV_PRODUCT_COMBINATION_Card Street_MEAN,0.060158293694257736
YEARS_BUILD_MEDI,0.060158293694257736
PREV_WEEKDAY_APPR_PROCESS_START_SATURDAY_SUM,0.06203823536634445
BURO_BB_STATUS_1_MEAN_sum,0.06203823536634445
CC_AMT_DRAWINGS_CURRENT_SUM,0.06203823536634445
BURO_AMT_ANNUITY_MAX,0.06203823536634445
COMMONAREA_AVG,0.06391818821430206
PREV_CODE_REJECT_REASON_SCOFR_MEAN,0.06391818821430206
POS_SK_DPD_MEAN,0.06391818821430206
CLOSED_AMT_ANNUITY_SUM,0.06391818821430206
OCCUPATION_TYPE_Core staff,0.06391818821430206
REFUSED_AMT_GOODS_PRICE_MIN,0.06391818821430206
PREV_PRODUCT_COMBINATION_POS household with interest_SUM,0.06391818821430206
CC_OVER_PAYMENT_VAR,0.06579813361167908
BASEMENTAREA_MEDI,0.06579813361167908
PREV_NAME_PAYMENT_TYPE_XNA_SUM,0.06579813361167908
CC_AMT_RECIVABLE_MIN,0.06579813361167908
PREV_WEEKDAY_APPR_PROCESS_START_WEDNESDAY_SUM,0.06579813361167908
CC_AMT_DRAWINGS_CURRENT_MEAN,0.06579813361167908
PREV_NAME_TYPE_SUITE_Other_B_MEAN,0.06767807900905609
CNT_CHILDREN,0.06767807900905609
PREV_NAME_SELLER_INDUSTRY_Consumer electronics_SUM,0.06767807900905609
REFUSED_AMT_APPLICATION_MIN,0.06767807900905609
PREV_NAME_GOODS_CATEGORY_Audio/Video_MEAN,0.06767807900905609
PREV_NAME_YIELD_GROUP_middle_SUM,0.06767807900905609
ORGANIZATION_TYPE_Transport: type 3,0.0695580244064331
REFUSED_AMT_GOODS_PRICE_MEAN,0.0695580244064331
ACTIVE_AMT_ANNUITY_MEAN,0.0695580244064331
PREV_WEEKDAY_APPR_PROCESS_START_MONDAY_SUM,0.07143796980381012
ENTRANCES_MEDI,0.07143796980381012
"WALLSMATERIAL_MODE_Stone, brick",0.07143796980381012
POS_NAME_CONTRACT_STATUS_Completed_SUM,0.07143796980381012
CC_NAME_CONTRACT_STATUS_Active_VAR,0.07143796980381012
LANDAREA_MEDI,0.07143796980381012
REFUSED_HOUR_APPR_PROCESS_START_MIN,0.07331791520118713
YEARS_BEGINEXPLUATATION_AVG,0.07331791520118713
YEARS_BUILD_AVG,0.07331791520118713
PREV_PRODUCT_COMBINATION_POS industry with interest_MEAN,0.07331791520118713
OCCUPATION_TYPE_Drivers,0.07519786804914474
PREV_NAME_CONTRACT_TYPE_Revolving loans_MEAN,0.07519786804914474
CC_AMT_PAYMENT_TOTAL_CURRENT_SUM,0.07519786804914474
PREV_CHANNEL_TYPE_Credit and cash offices_SUM,0.07519786804914474
CC_AMT_PAYMENT_CURRENT_VAR,0.07519786804914474
LIVINGAREA_MEDI,0.07519786804914474
PREV_NAME_GOODS_CATEGORY_Sport and Leisure_MEAN,0.07519786804914474
LIVINGAREA_AVG,0.07519786804914474
CC_CNT_DRAWINGS_POS_CURRENT_MEAN,0.07707781344652176
PREV_NAME_GOODS_CATEGORY_Consumer Electronics_MEAN,0.07707781344652176
POS_SK_DPD_6_months_MEAN,0.07707781344652176
BURO_AMT_ANNUITY_SUM,0.07707781344652176
CC_AMT_PAYMENT_CURRENT_MEAN,0.07707781344652176
ORGANIZATION_TYPE_Construction,0.07895775139331818
PREV_CHANNEL_TYPE_Channel of corporate sales_MEAN,0.07895775139331818
BASEMENTAREA_AVG,0.07895775139331818
ACTIVE_AMT_CREDIT_SUM_OVERDUE_SUM,0.07895775139331818
PREV_NAME_YIELD_GROUP_high_SUM,0.07895775139331818
REFUSED_AMT_ANNUITY_MEAN,0.07895775139331818
CC_INTEREST_SUM,0.07895775139331818
"PREV_NAME_TYPE_SUITE_Spouse, partner_MEAN",0.07895775139331818
CC_CNT_DRAWINGS_POS_CURRENT_VAR,0.07895775139331818
PREV_PRODUCT_COMBINATION_Card X-Sell_MEAN,0.08083770424127579
APPROVED_HOUR_APPR_PROCESS_START_MIN,0.08083770424127579
REFUSED_AMT_CREDIT_MEAN,0.08083770424127579
POS_CNT_INSTALMENT_MIN,0.08083770424127579
PREV_WEEKDAY_APPR_PROCESS_START_TUESDAY_SUM,0.08083770424127579
NONLIVINGAREA_MEDI,0.08083770424127579
CLOSED_AMT_ANNUITY_MEAN,0.0827176496386528
BURO_CREDIT_TYPE_Consumer credit_SUM,0.0827176496386528
PREV_CHANNEL_TYPE_Regional / Local_MEAN,0.0827176496386528
ORGANIZATION_TYPE_Military,0.0827176496386528
PREV_NAME_TYPE_SUITE_Unaccompanied_SUM,0.0827176496386528
OCCUPATION_TYPE_Laborers,0.08459760248661041
CC_AMT_CREDIT_LIMIT_ACTUAL_VAR,0.08459760248661041
CC_AMT_INST_MIN_REGULARITY_VAR,0.08459760248661041
CC_AMT_BALANCE_VAR,0.08459760248661041
COMMONAREA_MEDI,0.08459760248661041
CC_AMT_CREDIT_LIMIT_ACTUAL_MIN,0.08459760248661041
ORGANIZATION_TYPE_Business Entity Type 3,0.08647754788398743
PREV_NAME_YIELD_GROUP_low_normal_SUM,0.08647754788398743
PREV_CODE_REJECT_REASON_SCO_MEAN,0.08647754788398743
NONLIVINGAREA_AVG,0.08647754788398743
ENTRANCES_AVG,0.08647754788398743
PREV_NAME_GOODS_CATEGORY_XNA_MEAN,0.08835748583078384
PREV_NAME_PORTFOLIO_POS_MEAN,0.08835748583078384
REFUSED_CNT_PAYMENT_SUM,0.09023743867874146
PREV_NAME_CASH_LOAN_PURPOSE_XAP_MEAN,0.09211738407611847
COMMONAREA_MODE,0.09399732947349548
CC_CNT_DRAWINGS_CURRENT_MAX,0.09399732947349548
PREV_CODE_REJECT_REASON_LIMIT_MEAN,0.09399732947349548
PREV_CHANNEL_TYPE_Contact center_MEAN,0.09399732947349548
CC_AMT_DRAWINGS_ATM_CURRENT_VAR,0.09399732947349548
BURO_DAYS_ENDDATE_FACT_MIN,0.0958772748708725
REFUSED_APP_CREDIT_PERC_MAX,0.0958772748708725
APARTMENTS_MEDI,0.0958772748708725
CC_OVER_PAYMENT_SUM,0.0958772748708725
CC_CNT_INSTALMENT_MATURE_CUM_VAR,0.0958772748708725
NAME_INCOME_TYPE_Working,0.0958772748708725
NEW_INC_BY_ORG,0.0958772748708725
REFUSED_AMT_ANNUITY_MAX,0.09775722771883011
CC_AMT_PAYMENT_CURRENT_MIN,0.09775722771883011
PREV_CODE_REJECT_REASON_HC_MEAN,0.09775722771883011
BURO_CREDIT_TYPE_Microloan_MEAN,0.09963717311620712
PREV_HOUR_APPR_PROCESS_START_MIN,0.09963717311620712
ACTIVE_AMT_ANNUITY_SUM,0.09963717311620712
REFUSED_CNT_PAYMENT_MEAN,0.09963717311620712
PREV_NAME_TYPE_SUITE_Children_MEAN,0.09963717311620712
APPROVED_AMT_DOWN_PAYMENT_MIN,0.09963717311620712
REFUSED_AMT_CREDIT_MIN,0.10151711851358414
PREV_NAME_TYPE_SUITE_nan_SUM,0.10151711851358414
NEW_LIVE_IND_SUM,0.10151711851358414
PREV_CHANNEL_TYPE_Country-wide_SUM,0.10151711851358414
PREV_NAME_PORTFOLIO_Cards_MEAN,0.10151711851358414
REFUSED_APP_CREDIT_PERC_MIN,0.10151711851358414
PREV_WEEKDAY_APPR_PROCESS_START_SUNDAY_MEAN,0.10151711851358414
CC_INTEREST_VAR,0.10151711851358414
CLOSED_DAYS_ENDDATE_FACT_SUM,0.10339706391096115
PREV_AMT_DOWN_PAYMENT_MIN,0.10339706391096115
YEARS_BUILD_MODE,0.10339706391096115
APARTMENTS_AVG,0.10339706391096115
POS_SK_DPD_DEF_MAX,0.10339706391096115
CC_INTEREST_MIN,0.10339706391096115
PREV_CHANNEL_TYPE_AP+ (Cash loan)_MEAN,0.10339706391096115
PREV_NAME_PRODUCT_TYPE_x-sell_SUM,0.10339706391096115
PREV_NAME_YIELD_GROUP_low_action_MEAN,0.10339706391096115
PREV_NAME_CLIENT_TYPE_New_MEAN,0.10527700930833817
LANDAREA_MODE,0.10527700930833817
BURO_AMT_ANNUITY_MEAN,0.10527700930833817
BURO_AMT_CREDIT_SUM_LIMIT_SUM,0.10527700930833817
CC_AMT_DRAWINGS_POS_CURRENT_SUM,0.10527700930833817
BURO_BB_STATUS_C_MEAN_mean,0.10527700930833817
CLOSED_DAYS_ENDDATE_FACT_MIN,0.10527700930833817
PREV_AMT_APPLICATION_MAX,0.10715694725513458
BURO_BB_STATUS_1_MEAN_mean,0.10715694725513458
CLOSED_AMT_ANNUITY_MAX,0.10903690755367279
AMT_REQ_CREDIT_BUREAU_QRT,0.10903690755367279
PREV_PRODUCT_COMBINATION_Cash_MEAN,0.10903690755367279
ACTIVE_AMT_CREDIT_SUM_LIMIT_SUM,0.10903690755367279
OBS_30_CNT_SOCIAL_CIRCLE,0.10903690755367279
PREV_PRODUCT_COMBINATION_Cash Street: high_MEAN,0.10903690755367279
LANDAREA_AVG,0.10903690755367279
PREV_NAME_CONTRACT_TYPE_Consumer loans_MEAN,0.10903690755367279
PREV_PRODUCT_COMBINATION_POS household with interest_MEAN,0.1109168529510498
ACTIVE_AMT_ANNUITY_MAX,0.1109168529510498
APPROVED_AMT_CREDIT_MEAN,0.1109168529510498
PREV_NAME_SELLER_INDUSTRY_XNA_MEAN,0.11279679834842682
BURO_CREDIT_TYPE_Credit card_SUM,0.11279679834842682
INSTAL_COUNT,0.11279679834842682
POS_NAME_CONTRACT_STATUS_Signed_MEAN,0.11279679834842682
APPROVED_AMT_GOODS_PRICE_MEAN,0.11467674374580383
REFUSED_AMT_CREDIT_MAX,0.11467674374580383
REFUSED_PAYMENT_RATE_MEAN,0.11655668169260025
APPROVED_AMT_APPLICATION_MEAN,0.11655668169260025
BURO_BB_MONTHS_BALANCE_MIN_min,0.11655668169260025
PREV_NAME_PORTFOLIO_XNA_MEAN,0.11655668169260025
BURO_CREDIT_TYPE_Car loan_MEAN,0.12031658738851547
REFUSED_PAYMENT_RATE_MAX,0.12031658738851547
PREV_PRODUCT_COMBINATION_POS mobile with interest_MEAN,0.12031658738851547
PREV_CHANNEL_TYPE_Stone_MEAN,0.12031658738851547
CC_AMT_CREDIT_LIMIT_ACTUAL_SUM,0.12219653278589249
PREV_AMT_CREDIT_MAX,0.12219653278589249
PREV_NAME_GOODS_CATEGORY_Computers_MEAN,0.12219653278589249
APPROVED_RATE_DOWN_PAYMENT_MIN,0.1240764707326889
INSTALL_DPD_800_MAX,0.1240764707326889
NAME_EDUCATION_TYPE_Secondary / secondary special,0.1240764707326889
REFUSED_DAYS_DECISION_MIN,0.12595641613006592
CLOSED_AMT_CREDIT_MAX_OVERDUE_MEAN,0.12595641613006592
PREV_NAME_GOODS_CATEGORY_Mobile_MEAN,0.12595641613006592
REG_CITY_NOT_LIVE_CITY,0.12595641613006592
CC_AMT_PAYMENT_TOTAL_CURRENT_MEAN,0.12595641613006592
PREV_NAME_CASH_LOAN_PURPOSE_XNA_MEAN,0.12595641613006592
LIVINGAREA_MODE,0.12783637642860413
DEF_60_CNT_SOCIAL_CIRCLE,0.12783637642860413
CC_MONTHS_BALANCE_VAR,0.12783637642860413
CC_OVER_DRAFT_VAR,0.12971632182598114
BASEMENTAREA_MODE,0.13159626722335815
ACTIVE_AMT_CREDIT_MAX_OVERDUE_MEAN,0.13159626722335815
ORGANIZATION_TYPE_Self-employed,0.13159626722335815
INSTALL_NUM_INSTALMENT_VERSION_NUNIQUE,0.13347621262073517
PREV_NAME_PRODUCT_TYPE_x-sell_MEAN,0.13347621262073517
PREV_NAME_TYPE_SUITE_Family_MEAN,0.13347621262073517
PREV_CODE_REJECT_REASON_XAP_MEAN,0.13347621262073517
PREV_NAME_CONTRACT_STATUS_Canceled_MEAN,0.13535615801811218
NONLIVINGAREA_MODE,0.1372361034154892
PREV_AMT_APPLICATION_MIN,0.1372361034154892
BURO_DAYS_ENDDATE_FACT_SUM,0.1372361034154892
PREV_RATE_DOWN_PAYMENT_MIN,0.1391160488128662
APPROVED_PAYMENT_RATE_MIN,0.1391160488128662
CC_OVER_PAYMENT_MIN,0.1391160488128662
PREV_PRODUCT_COMBINATION_Cash Street: low_MEAN,0.1391160488128662
PREV_PRODUCT_COMBINATION_Cash X-Sell: low_MEAN,0.14099599421024323
PREV_NAME_CONTRACT_TYPE_Cash loans_MEAN,0.14099599421024323
BURO_BB_STATUS_X_MEAN_mean,0.14099599421024323
REFUSED_PAYMENT_RATE_MIN,0.14287593960762024
YEARS_BEGINEXPLUATATION_MEDI,0.14287593960762024
REFUSED_APP_CREDIT_PERC_MEAN,0.14287593960762024
CLOSED_DAYS_CREDIT_ENDDATE_MIN,0.14475588500499725
REFUSED_DAYS_DECISION_MEAN,0.14475588500499725
PREV_NAME_PAYMENT_TYPE_Cash through the bank_MEAN,0.14475588500499725
FLAG_WORK_PHONE,0.14663583040237427
REFUSED_APP_CREDIT_PERC_VAR,0.14663583040237427
APARTMENTS_MODE,0.14663583040237427
PREV_PAYMENT_RATE_MIN,0.1503957360982895
PREV_PRODUCT_COMBINATION_Cash X-Sell: middle_MEAN,0.1503957360982895
INSTALL_DPD_400_SUM,0.1503957360982895
PREV_WEEKDAY_APPR_PROCESS_START_THURSDAY_MEAN,0.1522756814956665
PREV_AMT_GOODS_PRICE_MEAN,0.1522756814956665
INSTALL_DPD_MAX,0.1522756814956665
PREV_DAYS_DECISION_MIN,0.1522756814956665
BURO_BB_STATUS_0_COUNT_mean,0.15415562689304352
APPROVED_AMT_DOWN_PAYMENT_MEAN,0.15415562689304352
CC_AMT_DRAWINGS_ATM_CURRENT_MEAN,0.15791550278663635
CLOSED_AMT_CREDIT_MAX_OVERDUE_SUM,0.15791550278663635
PREV_NAME_CLIENT_TYPE_Repeater_MEAN,0.15791550278663635
PREV_NAME_YIELD_GROUP_XNA_MEAN,0.15979546308517456
PREV_PRODUCT_COMBINATION_Cash X-Sell: high_MEAN,0.15979546308517456
PREV_AMT_APPLICATION_MEAN,0.15979546308517456
BURO_CREDIT_CURRENCY_currency 1_SUM,0.15979546308517456
APPROVED_HOUR_APPR_PROCESS_START_MAX,0.16167540848255157
REFUSED_HOUR_APPR_PROCESS_START_MEAN,0.16167540848255157
INSTALL_DPD_800_SUM,0.1635553538799286
CC_CNT_DRAWINGS_CURRENT_MEAN,0.1635553538799286
OBS_60_CNT_SOCIAL_CIRCLE,0.1654352992773056
CC_OVER_DRAFT_MEAN,0.16731524467468262
PREV_HOUR_APPR_PROCESS_START_MAX,0.16731524467468262
CLOSED_DAYS_CREDIT_MIN,0.16731524467468262
APPROVED_DAYS_DECISION_MIN,0.16919520497322083
PREV_NAME_CLIENT_TYPE_Refreshed_MEAN,0.17107515037059784
DEF_30_CNT_SOCIAL_CIRCLE,0.17107515037059784
POS_DPD_SLOPE,0.17107515037059784
PREV_CNT_PAYMENT_SUM,0.17295509576797485
INSTALL_DPD_400_MAX,0.17295509576797485
AMT_REQ_CREDIT_BUREAU_YEAR,0.17295509576797485
HOUR_APPR_PROCESS_START,0.17483502626419067
PREV_NAME_PRODUCT_TYPE_XNA_MEAN,0.17483502626419067
PREV_NAME_PRODUCT_TYPE_walk-in_MEAN,0.1767149716615677
POS_CNT_INSTALMENT_MAX,0.1767149716615677
POS_CNT_INSTALMENT_FUTURE_MAX,0.1767149716615677
APPROVED_AMT_GOODS_PRICE_MIN,0.1785949170589447
PREV_AMT_DOWN_PAYMENT_MEAN,0.1785949170589447
APPROVED_AMT_CREDIT_MIN,0.1804748773574829
BURO_BB_STATUS_0_MEAN_mean,0.1804748773574829
CC_OVER_DRAFT_SLOPE,0.1804748773574829
PREV_WEEKDAY_APPR_PROCESS_START_SATURDAY_MEAN,0.1804748773574829
APPROVED_RATE_DOWN_PAYMENT_MAX,0.18235482275485992
YEARS_BEGINEXPLUATATION_MODE,0.18235482275485992
CC_CNT_DRAWINGS_CURRENT_VAR,0.18235482275485992
PREV_WEEKDAY_APPR_PROCESS_START_WEDNESDAY_MEAN,0.18423476815223694
PREV_NAME_SELLER_INDUSTRY_Connectivity_MEAN,0.18423476815223694
PREV_WEEKDAY_APPR_PROCESS_START_TUESDAY_MEAN,0.18423476815223694
BURO_CREDIT_TYPE_Mortgage_MEAN,0.18611471354961395
PREV_APP_CREDIT_PERC_MIN,0.18611471354961395
BURO_AMT_CREDIT_SUM_DEBT_SUM,0.18611471354961395
APPROVED_RATE_DOWN_PAYMENT_MEAN,0.18799465894699097
BURO_CREDIT_ACTIVE_Active_MEAN,0.18799465894699097
ACTIVE_AMT_CREDIT_SUM_LIMIT_MEAN,0.18799465894699097
APPROVED_AMT_CREDIT_MAX,0.18987461924552917
PREV_CHANNEL_TYPE_Country-wide_MEAN,0.18987461924552917
PREV_RATE_DOWN_PAYMENT_MAX,0.193634495139122
ACTIVE_AMT_CREDIT_MAX_OVERDUE_SUM,0.193634495139122
BURO_BB_STATUS_C_MEAN_sum,0.193634495139122
ACTIVE_AMT_CREDIT_SUM_DEBT_MAX,0.19551445543766022
PREV_PAYMENT_RATE_MAX,0.19739440083503723
BURO_BB_STATUS_X_MEAN_sum,0.19739440083503723
PREV_WEEKDAY_APPR_PROCESS_START_FRIDAY_MEAN,0.19739440083503723
CC_AMT_CREDIT_LIMIT_ACTUAL_MEAN,0.19927434623241425
APPROVED_PAYMENT_RATE_MEAN,0.20115429162979126
PREV_NAME_SELLER_INDUSTRY_Consumer electronics_MEAN,0.20303423702716827
CLOSED_DAYS_ENDDATE_FACT_MAX,0.2049141824245453
CLOSED_DAYS_CREDIT_MEAN,0.2049141824245453
POS_CNT_INSTALMENT_MEAN,0.2049141824245453
PREV_WEEKDAY_APPR_PROCESS_START_MONDAY_MEAN,0.2049141824245453
PREV_NAME_PORTFOLIO_Cash_MEAN,0.2049141824245453
APPROVED_AMT_APPLICATION_MAX,0.2067941278219223
CLOSED_DAYS_CREDIT_ENDDATE_MEAN,0.2067941278219223
BURO_DAYS_CREDIT_ENDDATE_MIN,0.2067941278219223
PREV_NAME_PAYMENT_TYPE_XNA_MEAN,0.20867407321929932
NAME_EDUCATION_TYPE_Higher education,0.20867407321929932
BURO_CREDIT_TYPE_Consumer credit_MEAN,0.20867407321929932
PREV_APP_CREDIT_PERC_MEAN,0.20867407321929932
CC_CNT_DRAWINGS_ATM_CURRENT_VAR,0.21055401861667633
BURO_AMT_CREDIT_SUM_LIMIT_MEAN,0.21055401861667633
AMT_INCOME_TOTAL,0.21055401861667633
PREV_AMT_DOWN_PAYMENT_MAX,0.21055401861667633
PREV_AMT_ANNUITY_MAX,0.21055401861667633
POS_SK_DPD_DEF_MEAN,0.21243396401405334
INSTALL_DAYS_ENTRY_PAYMENT_SUM,0.21243396401405334
INSTALL_PAYMENT_DIFF_VAR,0.21243396401405334
BURO_AMT_CREDIT_SUM_DEBT_MAX,0.21431389451026917
BURO_DAYS_ENDDATE_FACT_MAX,0.21431389451026917
BURO_BB_STATUS_0_MEAN_sum,0.21431389451026917
BURO_BB_STATUS_0_COUNT_sum,0.21431389451026917
PREV_RATE_DOWN_PAYMENT_MEAN,0.21431389451026917
REFUSED_AMT_ANNUITY_MIN,0.21619386970996857
POS_DPD_DEF_SLOPE,0.21807381510734558
INSTALL_AMT_INSTALMENT_MEAN,0.21807381510734558
PREV_NAME_CONTRACT_STATUS_Approved_MEAN,0.21807381510734558
TOTALAREA_MODE,0.2199537605047226
PREV_AMT_CREDIT_MEAN,0.2199537605047226
BURO_CREDIT_ACTIVE_Active_SUM,0.2199537605047226
PREV_NAME_YIELD_GROUP_low_normal_MEAN,0.22371365129947662
CLOSED_DAYS_CREDIT_UPDATE_MEAN,0.22371365129947662
NAME_FAMILY_STATUS_Married,0.22371365129947662
PREV_NAME_YIELD_GROUP_middle_MEAN,0.22559359669685364
BURO_CREDIT_TYPE_Credit card_MEAN,0.22935348749160767
PREV_CHANNEL_TYPE_Credit and cash offices_MEAN,0.2331133633852005
INSTALL_DPD_SUM,0.2349933385848999
APPROVED_APP_CREDIT_PERC_MAX,0.2349933385848999
CLOSED_DAYS_CREDIT_ENDDATE_SUM,0.2349933385848999
ACTIVE_DAYS_CREDIT_ENDDATE_SUM,0.23687328398227692
APPROVED_DAYS_DECISION_MEAN,0.24063317477703094
APPROVED_AMT_ANNUITY_MEAN,0.24063317477703094
REGION_RATING_CLIENT_W_CITY,0.24063317477703094
APPROVED_CNT_PAYMENT_SUM,0.24439306557178497
ACTIVE_DAYS_CREDIT_MIN,0.24439306557178497
PREV_AMT_CREDIT_MIN,0.24439306557178497
APPROVED_AMT_ANNUITY_MIN,0.246273010969162
BURO_AMT_CREDIT_MAX_OVERDUE_MEAN,0.2481529414653778
APPROVED_AMT_ANNUITY_MAX,0.250032901763916
INSTALL_AMT_PAYMENT_MAX,0.250032901763916
OWN_CAR_AGE,0.25191283226013184
PREV_DAYS_DECISION_MEAN,0.25191283226013184
INSTALL_PAYMENT_PERC_SUM,0.25191283226013184
ACTIVE_AMT_CREDIT_SUM_DEBT_SUM,0.25191283226013184
PREV_APP_CREDIT_PERC_MAX,0.25379279255867004
PREV_AMT_GOODS_PRICE_MIN,0.25567275285720825
APPROVED_PAYMENT_RATE_MAX,0.2575526833534241
PREV_AMT_ANNUITY_MEAN,0.2575526833534241
INSTALL_PAYMENT_DIFF_MAX,0.2613125741481781
PREV_AMT_ANNUITY_MIN,0.2631925344467163
INSTALL_PAYMENT_DIFF_SUM,0.2631925344467163
BURO_DAYS_CREDIT_ENDDATE_MEAN,0.26507246494293213
NEW_INC_PER_CHLD,0.26695242524147034
INSTALL_PAYMENT_DIFF_MEAN,0.26695242524147034
INSTALL_PAYMENT_PERC_MEAN,0.26883235573768616
BURO_DAYS_CREDIT_MIN,0.27071231603622437
BURO_DAYS_CREDIT_ENDDATE_SUM,0.27071231603622437
POS_NAME_CONTRACT_STATUS_Active_SUM,0.2725922465324402
INSTALL_AMT_INSTALMENT_MAX,0.2744722068309784
ACTIVE_DAYS_CREDIT_VAR,0.2782320976257324
INSTALL_DAYS_ENTRY_PAYMENT_MEAN,0.2782320976257324
CC_OVER_DRAFT_MAX,0.28387194871902466
PREV_PAYMENT_RATE_MEAN,0.2857518792152405
REFUSED_DAYS_DECISION_MAX,0.2876318395137787
BURO_AMT_CREDIT_SUM_SUM,0.2895117700099945
CLOSED_AMT_CREDIT_SUM_MAX,0.2913917303085327
BURO_AMT_CREDIT_MAX_OVERDUE_SUM,0.29327166080474854
APPROVED_HOUR_APPR_PROCESS_START_MEAN,0.29327166080474854
INCOME_PER_PERSON,0.29891151189804077
APPROVED_AMT_APPLICATION_MIN,0.3026714026927948
PREV_NAME_TYPE_SUITE_nan_MEAN,0.3026714026927948
BURO_DAYS_CREDIT_UPDATE_MEAN,0.304551362991333
NEW_CAR_TO_EMPLOY_RATIO,0.31019118428230286
PREV_NAME_YIELD_GROUP_high_MEAN,0.3139510750770569
CC_CNT_DRAWINGS_ATM_CURRENT_MEAN,0.3158310055732727
BURO_DAYS_CREDIT_VAR,0.3158310055732727
BURO_CREDIT_ACTIVE_Closed_MEAN,0.3177109956741333
BURO_DAYS_CREDIT_MEAN,0.3195909261703491
POS_MONTHS_BALANCE_MEAN,0.3195909261703491
PREV_HOUR_APPR_PROCESS_START_MEAN,0.32335081696510315
NEW_CAR_TO_BIRTH_RATIO,0.32335081696510315
PREV_DAYS_DECISION_MAX,0.32523077726364136
APPROVED_APP_CREDIT_PERC_MEAN,0.32523077726364136
ACTIVE_AMT_CREDIT_SUM_MEAN,0.32523077726364136
POS_MONTHS_BALANCE_MAX,0.3271107077598572
ACTIVE_AMT_CREDIT_SUM_MAX,0.3271107077598572
APPROVED_CNT_PAYMENT_MEAN,0.3289906680583954
CLOSED_DAYS_CREDIT_VAR,0.3289906680583954
ACTIVE_DAYS_CREDIT_ENDDATE_MAX,0.33463048934936523
POS_MONTHS_BALANCE_SIZE,0.33651041984558105
BURO_AMT_CREDIT_SUM_MAX,0.33839040994644165
CLOSED_AMT_CREDIT_SUM_SUM,0.3421503007411957
INSTALL_PAYMENT_PERC_VAR,0.3440302312374115
PREV_NAME_CONTRACT_STATUS_Refused_MEAN,0.34967005252838135
BURO_DAYS_CREDIT_ENDDATE_MAX,0.34967005252838135
INSTALL_AMT_PAYMENT_MEAN,0.34967005252838135
APPROVED_AMT_DOWN_PAYMENT_MAX,0.35155001282691956
INSTALL_AMT_INSTALMENT_SUM,0.35155001282691956
INSTALL_DPD_400_MEAN,0.35155001282691956
NEW_DOC_IND_KURT,0.3609497547149658
INSTALL_DBD_MEAN,0.36658957600593567
CODE_GENDER,0.3703494668006897
BURO_AMT_CREDIT_SUM_MEAN,0.3703494668006897
ACTIVE_DAYS_CREDIT_ENDDATE_MEAN,0.3703494668006897
INSTALL_AMT_PAYMENT_MIN,0.3722294270992279
POS_NAME_CONTRACT_STATUS_Active_MEAN,0.3741093575954437
ACTIVE_AMT_CREDIT_SUM_DEBT_MEAN,0.37974923849105835
PREV_NAME_TYPE_SUITE_Unaccompanied_MEAN,0.37974923849105835
NEW_CREDIT_TO_INCOME_RATIO,0.37974923849105835
APPROVED_APP_CREDIT_PERC_VAR,0.38162916898727417
ACTIVE_DAYS_CREDIT_UPDATE_MEAN,0.387268990278244
CLOSED_DAYS_CREDIT_ENDDATE_MAX,0.39290884137153625
INSTALL_DPD_MEAN,0.39290884137153625
ACTIVE_DAYS_CREDIT_MEAN,0.3985486924648285
CLOSED_AMT_CREDIT_SUM_MEAN,0.4004286229610443
ACTIVE_AMT_CREDIT_SUM_SUM,0.40418851375579834
AMT_GOODS_PRICE,0.41922810673713684
INSTALL_DBD_MAX,0.4267478883266449
AMT_CREDIT,0.438027560710907
BURO_AMT_CREDIT_SUM_DEBT_MEAN,0.4436674118041992
PREV_APP_CREDIT_PERC_VAR,0.44742730259895325
NEW_SCORES_STD,0.44930726289749146
POS_NAME_CONTRACT_STATUS_Completed_MEAN,0.4530671536922455
APPROVED_DAYS_DECISION_MAX,0.47374656796455383
CLOSED_DAYS_CREDIT_MAX,0.4793863892555237
APPROVED_APP_CREDIT_PERC_MIN,0.4831462502479553
PREV_CNT_PAYMENT_MEAN,0.4850262403488159
NEW_PHONE_TO_BIRTH_RATIO_EMPLOYER,0.48690614104270935
BURO_DAYS_CREDIT_MAX,0.492546021938324
DAYS_LAST_PHONE_CHANGE,0.5075855851173401
INSTALL_DAYS_ENTRY_PAYMENT_MAX,0.5677438974380493
NEW_PHONE_TO_BIRTH_RATIO,0.5677438974380493
REGION_POPULATION_RELATIVE,0.5771436095237732
INSTALL_DBD_SUM,0.5921831727027893
NEW_ANNUITY_TO_INCOME_RATIO,0.6598612666130066
ACTIVE_DAYS_CREDIT_ENDDATE_MIN,0.6692609786987305
EXT_SOURCE_2,0.6711409687995911
INSTALL_DPD_SLOPE,0.6749008297920227
INSTALL_DPD_800_MEAN,0.6805406808853149
ACTIVE_DAYS_CREDIT_MAX,0.7162596583366394
DAYS_REGISTRATION,0.7350590825080872
NEW_EMPLOY_TO_BIRTH_RATIO,0.750098705291748
EXT_SOURCE_3,0.7594984769821167
INSTALL_AMT_PAYMENT_SUM,0.7651382684707642
DAYS_ID_PUBLISH,0.7801778316497803
POS_CNT_INSTALMENT_FUTURE_MEAN,0.7933374643325806
EXT_SOURCE_1,0.804617166519165
AMT_ANNUITY,0.938093364238739
DAYS_EMPLOYED,0.9399733543395996
NEW_SOURCES_PROD,0.9813321828842163
NEW_CREDIT_TO_GOODS_RATIO,1.0527701377868652
NEW_EXT_SOURCES_MEAN,1.5058372020721436
PAYMENT_RATE,1.7182711362838745
